normalized_road,standard_road
"100TH AV","TENTH ST"
10TH,"TENTH ST"
"10TH AV","TENTH ST"
"10TH ST","TENTH ST"
"13 N","ASHBY AVE"
"13TH AVE","ASHBY AVE"
"1451VIRGINIA ST","VIRGINIA ST"
"24 E","RT 24"
"24 W","RT 24"
2ND,"SECOND ST"
"2ND AV","SECOND ST"
"2ND ST","SECOND ST"
3RD,"THIRD ST"
4TH,"FOURTH ST"
"4TH AV","FOURTH ST"
"4TH ST","FOURTH ST"
"53RD ST","53RD ST"
"55TH ST","55TH ST"
5TH,"FIFTH ST"
"5TH AV","FIFTH ST"
"5TH SQ","FIFTH ST"
"5TH ST","FIFTH ST"
"60TH ST","60TH ST"
61ST,"61ST ST" 
"61ST ST","61ST ST"
62ND,"62ND ST"
"62ND AV","62ND ST"
"62ND ST","62ND ST"
63RD,"63RD ST"
"63RD AV","63RD ST"
"63RD ST","63RD ST"
"65TH ST","65TH ST"
66TH,"66TH ST"
"66TH ST","66TH ST"
67TH,"67TH ST"
"67TH ST","67TH ST"
6TH,"SIXTH ST"
"6TH AV","SIXTH ST"
"6TH ST","SIXTH ST"
7TH,"SEVENTH ST"
"7TH AV","SEVENTH ST"
"7TH SQU","SEVENTH ST"
"7TH ST","SEVENTH ST"
"7TH ST EXT","SEVENTH ST"
"7TH ST N","SEVENTH ST"
"7TH ST W","SEVENTH ST"
"7TH STREET","SEVENTH ST"
"80 E",I-80
"80 W",I-80
8TH,"EIGHTH ST"
"8TH AV","EIGHTH ST"
"8TH ST","EIGHTH ST"
"8TH STREET","EIGHTH ST"
9TH,"NINTH ST"
"9TH AV","NINTH ST"
"9TH ST","NINTH ST"
"ACACIA AV","ACACIA AVE"
"ACACIA AVE","ACACIA AVE"
"ACACIA ST","ACACIA AVE"
ACTION,"ACTON ST"
"ACTION CT","ACTON ST"
"ACTION ST","ACTON ST"
ACTON,"ACTON ST"
"ACTON CI","ACTON CIR"
"ACTON CIR","ACTON CIR"
"ACTON CRESCENT","ACTON CRESCENT"
"ACTON CT","ACTON CRESCENT"
"ACTON ST","ACTON ST"
ADA,"ADA ST"
"ADA ST","ADA ST"
ADALINE,"ADELINE ST"
ADDISON,"ADDISON ST"
"ADDISON AV","ADDISON ST"
"ADDISON ST","ADDISON ST"
"ADDISON ST N","ADDISON ST"
"ADDISON STREET","ADDISON ST"
"ADDISON WY","ADDISON ST"
"ADELAIDE ST","ADELINE ST"
ADELINE,"ADELINE ST"
"ADELINE AV","ADELINE ST"
"ADELINE ST","ADELINE ST"
ADELLE,"ADELINE ST"
"ADELLE ST","ADELINE ST"
"AEGEAN PL","AEGEAN PL"
"AHSBY AVE","ASHBY AVE"
"AHSBY AVENUE","ASHBY AVE"
"ALAMEDA AV","THE ALAMEDA"
"ALAMEDA ST","THE ALAMEDA"
"ALAMO AV","ALAMO AVE"
ALBIN,"ALBINA AVE"
ALBINA,"ALBINA AVE"
ALCATRAZ,"ALCATRAZ AVE"
"ALCATRAZ AV","ALCATRAZ AVE"
"ALCATRAZ ST","ALCATRAZ AVE"
"ALISTON WY","ALLSTON WAY"
ALLISON,"ALLSTON WAY"
"ALLISON ST","ALLSTON WAY"
"ALLISON WAY","ALLSTON WAY"
ALLSOTON,"ALLSTON WAY"
ALLSTON,"ALLSTON WAY"
"ALLSTON ST","ALLSTON WAY"
"ALLSTON WY","ALLSTON WAY"
"ALLSTON WY W","ALLSTON WAY"
"ALTA RD","ALTA RD"
"ALTA ST","ALTA RD"
ALVARADO,"ALVARADO RD"
"ALVARADO AV","ALVARADO RD"
"ALVARADO RD","ALVARADO RD"
AMADOR,"AMADOR AVE"
"AMADOR AV","AMADOR AVE"
"AMADOR RD","AMADOR AVE"
"AMADOR ST","AMADOR AVE"
ANTHONY,"ANTHONY ST"
"ANTHONY ST","ANTHONY ST"
"APGAR ST","APGAR ST"
"ARCADE AV","ARCADE AVE"
"ARCADE ST","ARCADE AVE"
ARCH,"ARCH ST"
"ARCH ST","ARCH ST"
ARLINGTON,"ARLINGTON AVE"
"ARLINGTON AV","ARLINGTON AVE"
"ARLINGTON ST","ARLINGTON AVE"
"ASBHY AVE","ASHBY AVE"
"ASH AV","ASHBY AVE"
"ASH CT","ASHBY AVE"
ASHBY,"ASHBY AVE"
"ASHBY AEVNUE","ASHBY AVE"
"ASHBY AV","ASHBY AVE"
"ASHBY AV 1200 BLK","ASHBY AVE"
"ASHBY AV E","ASHBY AVE"
"ASHBY AVA","ASHBY AVE"
"ASHBY AVE","ASHBY AVE"
"ASHBY AVE EAST","ASHBY AVE"
"ASHBY AVE O","ASHBY AVE"
"ASHBY AVE OC","ASHBY AVE"
"ASHBY AVE OVER","ASHBY AVE"
"ASHBY AVE OVERCROSS","ASHBY AVE"
"ASHBY AVE OVERCROSSING","ASHBY AVE"
"ASHBY AVE OVERCROSSSING","ASHBY AVE"
"ASHBY AVE TO I","ASHBY AVE"
"ASHBY AVE UNDER","ASHBY AVE"
"ASHBY AVE W","ASHBY AVE"
"ASHBY AVE WEST O","ASHBY AVE"
"ASHBY AVENUE","ASHBY AVE"
"ASHBY AVENUE EAST","ASHBY AVE"
"ASHBY AVENUE NORTHBOUND","ASHBY AVE"
"ASHBY AVENUE O","ASHBY AVE"
"ASHBY AVENUE OFF RAMP OVERCROSSING","ASHBY AVE"
"ASHBY AVENUE OVER","ASHBY AVE"
"ASHBY AVENUE OVER CROSSING","ASHBY AVE"
"ASHBY AVENUE OVERCROSSING","ASHBY AVE"
"ASHBY AVENUE W","ASHBY AVE"
"ASHBY AVENUE WEST OVERCROSSING","ASHBY AVE"
"ASHBY BART STATION","ASHBY AVE"
"ASHBY CRES E","ASHBY AVE"
"ASHBY O","ASHBY AVE"
"ASHBY OC","ASHBY AVE"
"ASHBY OVERCROSSING","ASHBY AVE"
"ASHBY PL","ASHBY PL"
"ASHEY AV","ASHBY AVE"
ATHERTON,"ATHERTON ST"
"ATHERTON PL","ATHERTON ST"
"ATHERTON ST","ATHERTON ST"
AVALON,"AVALON AVE"
"AVALON AV","AVALON AVE"
AVE,AVE
"AVENIDA DR","AVENIDA DR"
"AVENIDA RD","AVENIDA DR"
"AVENIDA ST","AVENIDA DR"
AVIS,"AVIS RD"
"AVIS RD","AVIS RD"
BAKER,"BAKER ST"
"BAKER ST","BAKER ST"
BANCROFT,"BANCROFT WAY"
"BANCROFT AV","BANCROFT WAY"
"BANCROFT ST","BANCROFT WAY"
"BANCROFT STEPS WY","BANCROFT STEPS"
"BANCROFT WAY","BANCROFT WAY"
"BANCROFT WY","BANCROFT WAY"
"BANDROFT WY","BANCROFT WAY"
"BARROW LN","BARROW LN"
"BARROWS LN","BARROW LN"
"BARROWS ST","BARROW LN"
"BATAAN AV","BATAAN AVE"
"BATAAN ST","BATAAN AVE"
"BATEMAN ST","BATEMAN ST"
BAY,"BAY ST"
"BAY ST","BAY ST"
"BAY STREET","BAY ST"
"BAY TREE LN","BAY TREE LN"
"BAY VIEW","BAY VIEW PL"
"BAY VIEW PL","BAY VIEW PL"
"BAYVIEW PL","BAY VIEW PL"
BELROSE,"BELROSE AVE"
"BELROSE AV","BELROSE AVE"
"BELROSE AVE","BELROSE AVE"
BELVEDERE,"BELVEDERE AVE"
"BELVEDERE ST","BELVEDERE AVE"
BENVENUE,"BENVENUE AVE"
"BENVENUE AV","BENVENUE AVE"
"BENVENUE ST","BENVENUE AVE"
BERKELEY,"BERKELEY SQ"
"BERKELEY SQ","BERKELEY SQ"
"BERKELEY WY","BERKELEY WAY"
BERRYMAN,"BERRYMAN ST"
"BERRYMAN PATH","BERRYMAN PATH"
"BERRYMAN ST","BERRYMAN ST"
"BERYMAN ST","BERRYMAN ST"
BEVERLY,"BEVERLY PL"
"BEVERLY PL","BEVERLY PL"
BLAKE,"BLAKE ST"
"BLAKE ST","BLAKE ST"
"BOISE ST","BOISE ST"
BOLIVAR,"BOLIVAR DR"
"BOLIVAR DR","BOLIVAR DR"
"BOLIVAR ST","BOLIVAR DR"
BONAR,"BONAR ST"
"BONAR ST","BONAR ST"
BONITA,"BONITA AVE"
"BONITA AV","BONITA AVE"
"BONITA ST","BONITA ST"
"BONITA WY","BONITA AVE"
"BONNIE LN","BONNIE LN"
BORE,BORE
BOWDICH,"BOWDITCH ST"
BOWDITCH,"BOWDITCH ST"
"BOWDITCH AV","BOWDITCH ST"
"BOWDITCH ST","BOWDITCH ST"
"BOWDITCH WY","BOWDITCH ST"
BOYNTON,"BOYNTON AVE"
"BOYNTON AV","BOYNTON AVE"
"BOYNTON WALK","BOYNTON WALK"
BREAKWATER,"BREAKWATER DR"
"BREAKWATER DR","BREAKWATER DR"
"BRET HARTE","BRET HARTE RD"
"BRET HARTE RD","BRET HARTE RD"
BRIDGE,"BRIDGE RD"
"BRIDGE RD","BRIDGE RD"
"BRIGHTON AV","BRIGHTON AVE"
"BROADWAY TER","BROADWAY TER"
"BROOKSIDE AV","BROOKSIDE AVE"
BROWNING,"BROWNING ST"
"BROWNING CT","BROWNING ST"
"BROWNING ST","BROWNING ST"
BUCHANAN,"BUCHANAN ST"
"BUCHANAN ST","BUCHANAN ST"
"BUCHANAN ST U","BUCHANAN ST"
"BUCHANAN STREET","BUCHANAN ST"
"BUCHANNAN RD","BUCHANAN ST"
"BUCHANNAN STREET","BUCHANAN ST"
"BUENA AV","BUENA AVE"
"BUENA VISTA","BUENA VISTA WAY"
"BUENA VISTA AV","BUENA VISTA WAY"
"BUENA VISTA ST","BUENA VISTA WAY"
"BUENA VISTA WY","BUENA VISTA WAY"
BURNETT,"BURNETT ST"
"BURNETT AV","BURNETT ST"
"BURNETT ST","BURNETT ST"
BURNETTE,"BURNETT ST"
"BURTON ST","BURTON DR"
BYRON,"BYRON ST"
"BYRON AV","BYRON ST"
"BYRON ST","BYRON ST"
"BYRON WY","BYRON ST"
"CADAR ROSE PK","CADAR ROSE PK"
"CALDECOTT TNL","CALDECOTT TNL"
CALIFORNIA,"CALIFORNIA ST"
"CALIFORNIA AV","CALIFORNIA ST"
"CALIFORNIA CT","CALIFORNIA ST"
"CALIFORNIA ST","CALIFORNIA ST"
CALIFRONIA,"CALIFORNIA ST"
CALREMONT,"CLAREMONT AVE"
CALUSA,"COLUSA AVE"
CAMELIA,"CAMELIA ST"
"CAMELIA DR","CAMELIA ST"
"CAMELIA ST","CAMELIA ST"
"CAMILLA ST","CAMILLA ST"
CAMPUS,"CAMPUS DR"
"CAMPUS DR","CAMPUS DR"
"CANTER ST","CANTER ST"
CANYON,"CANYON RD"
"CANYON RD","CANYON RD"
CAPISTRANO,"CAPISTRANO AVE"
"CAPISTRANO AV","CAPISTRANO AVE"
"CAPISTRANO WY","CAPISTRANO AVE"
CARELTON,"CARLETON ST"
"CARELTON ST","CARLETON ST"
CARLETON,"CARLETON ST"
"CARLETON ST","CARLETON ST"
CARLOTTA,"CARLOTTA AVE"
"CARLOTTA AV","CARLOTTA AVE"
"CARLSON BL","CARLSON BLVD"
"CARLTON ST","CARLETON ST"
CARRISON,"CARRISON ST"
"CARRISON ST","CARRISON ST"
CATALINA,"CATALINA AVE"
"CATALINA AV","CATALINA AVE"
"CATALINA ST","CATALINA AVE"
"CATHERINE DR","CATHERINE DR"
CEDAR,"CEDAR ST"
"CEDAR AV","CEDAR ST"
"CEDAR CT","CEDAR ST"
"CEDAR ST","CEDAR ST"
"CEDAR ST E","CEDAR ST"
"CEDAR STREET","CEDAR ST"
"CEDARWOOD LN","CEDARWOOD LN"
"CENTENIAL RD","CENTENNIAL DR"
CENTENNIAL,"CENTENNIAL DR"
"CENTENNIAL AVENUE","CENTENNIAL DR"
"CENTENNIAL DR","CENTENNIAL DR"
CENTER,"CENTER ST"
"CENTER AV","CENTER ST"
"CENTER ST","CENTER ST"
"CENTRAL AV","CENTRAL AVE"
"CENTRAL AVE","CENTRAL AVE"
"CENTRAL AVENUE","CENTRAL AVE"
"CENTRAL PKWY","CENTRAL AVE"
"CHANNIN ST","CHANNING WAY"
CHANNING,"CHANNING WAY"
"CHANNING AV","CHANNING WAY"
"CHANNING ST","CHANNING WAY"
"CHANNING WAY","CHANNING WAY"
"CHANNING WAY E","CHANNING WAY"
"CHANNING WY","CHANNING WAY"
CHAUCER,"CHAUCER ST"
"CHAUCER ST","CHAUCER ST"
"CHERRY ST","CHERRY ST"
CHESTNUT,"CHESTNUT ST"
"CHESTNUT ST","CHESTNUT ST"
CHILTON,"CHILTON WAY"
"CHILTON ALY","CHILTON WAY"
"CHILTON WY","CHILTON WAY"
"CHRISTIE AV","CHRISTIE AVE"
CLAREMONT,"CLAREMONT AVE"
"CLAREMONT AV","CLAREMONT AVE"
"CLAREMONT BL","CLAREMONT BLVD"
"CLAREMONT CRES","CLAREMONT CRESCENT"
"CLAREMONT PARK CT","CLAREMONT PARK CT"
"CLAREMONT PATH","CLAREMONT PATH"
"CLEVELAND AV","CLEVELAND AVE"
"CLEVELAND AVE","CLEVELAND AVE"
"CLEVELAND AVENUE","CLEVELAND AVE"
COLBY,"COLBY ST"
"COLBY CT","COLBY ST"
"COLBY ST","COLBY ST"
COLLEEN,"COLLEGE AVE"
COLLEGE,"COLLEGE AVE"
"COLLEGE AV","COLLEGE AVE"
"COLLEGE ST","COLLEGE AVE"
COLORADO,"COLORADO AVE"
"COLORADO AV","COLORADO AVE"
COLUMBIA,"COLUMBIA CIR"
"COLUMBIA CIR","COLUMBIA CIR"
COLUSA,"COLUSA AVE"
"COLUSA AV","COLUSA AVE"
"COLUSA ST","COLUSA AVE"
"CONTRA COSTA AV","CONTRA COSTA AVE"
"COOLBIRTH PATH","INA COOLBIRTH PATH"
CORNELL,"CORNELL AVE"
"CORNELL AV","CORNELL AVE"
"CORNELL ST","CORNELL AVE"
COWPER,"COWPER ST"
"COWPER ST","COWPER ST"
CRAGMONT,"CRAGMONT AVE"
"CRAGMONT AV","CRAGMONT AVE"
"CRAGMONT ST","CRAGMONT AVE"
CRAGMOUNT,"CRAGMONT AVE"
CRESTON,"CRESTON RD"
"CRESTON RD","CRESTON RD"
CROSSWAYS,"THE CROSSWAYS"
CRYSTAL,"CRYSTAL WAY"
"CRYSTAL WY","CRYSTAL WAY"
CURTIS,"CURTIS ST"
"CURTIS AV","CURTIS ST"
"CURTIS ST","CURTIS ST"
"CUTTING BL","CUTTING BLVD"
"CYPRESS ST","CYPRESS ST"
"D AND E DOCK RD","D AND E DOCK RD"
DANA,"DANA ST"
"DANA ST","DANA ST"
"DARTMOUTH ST","DARTMOUTH ST"
"DAVIS STREET","DAVIS ST"
DEAKIN,"DEAKIN ST"
"DEAKIN ST","DEAKIN ST"
"DEL MAR AV","DEL MAR AVE"
"DEL MAR AVE","DEL MAR AVE"
"DEL NORTE","DEL NORTE ST"
"DEL NORTE AV","DEL NORTE ST"
"DEL NORTE CT","DEL NORTE CT"
"DEL NORTE ST","DEL NORTE ST"
DELAWARE,"DELAWARE ST"
"DELAWARE AV","DELAWARE ST"
"DELAWARE AV E","DELAWARE ST"
"DELAWARE ST","DELAWARE ST"
"DELAWARE STREET","DELAWARE ST"
"DELEWARE ST","DELAWARE ST"
"DELWARE ST","DELAWARE ST"
DERBY,"DERBY ST"
"DERBY SQ","DERBY ST"
"DERBY ST","DERBY ST"
"DERBY TER","DERBY ST"
DOHR,"DOHR ST"
"DOHR ST","DOHR ST"
DOMINGO,"DOMINGO AVE"
"DOMINGO AV","DOMINGO AVE"
"DOMINGO ST","DOMINGO AVE"
"DOUBLE TREE ENT","DOUBLE TREE ENT"
DOVER,"DOVER ST"
"DOVER ST","DOVER ST"
DOWLING,"DOWLING PL"
"DOWLING AV","DOWLING PL"
"DOWLING PL","DOWLING PL"
"DOWLING ST","DOWLING PL"
"DUARTE AV","DURANT AVE"
"DURAN AVE","DURANT AVE"
"DURAN WY","DURANT AVE"
DURANT,"DURANT AVE"
"DURANT AV","DURANT AVE"
"DURANT ST","DURANT AVE"
"DURRANT AV","DURANT AVE"
DWIGHT,"DWIGHT WAY"
"DWIGHT CRECENT","DWIGHT CRESCENT"
"DWIGHT CRES","DWIGHT CRESCENT"
"DWIGHT CRESCENT","DWIGHT CRESCENT"
"DWIGHT PL","DWIGHT PL"
"DWIGHT ST","DWIGHT WAY"
"DWIGHT WAY","DWIGHT WAY"
"DWIGHT WY","DWIGHT WAY"
"DWIGHT WY E","DWIGHT WAY"
"EASTER WY","EASTER WAY"
"EASTERN ASHBY AVE O","ASHBY AVE"
EASTSHORE,"EASTSHORE HWY"
"EASTSHORE AV","EASTSHORE HWY"
"EASTSHORE BL","EASTSHORE HWY"
"EASTSHORE DR","EASTSHORE HWY"
"EASTSHORE HWY","EASTSHORE HWY"
"EASTSHORE RD","EASTSHORE HWY"
"EASTSHORE ST","EASTSHORE HWY"
"EASTSHORE WY","EASTSHORE HWY"
"EASTSHOREN HWY","EASTSHORE HWY"
"EATON AV","ETON AVE"
"EDCLID AV","EUCLID AVE"
EDITH,"EDITH ST"
"EDITH ST","EDITH ST"
"EDITH ST S","EDITH ST"
EDWARDS,"EDWARDS ST"
"EDWARDS AV","EDWARDS ST"
"EDWARDS ST","EDWARDS ST"
EIGHTH,"EIGHTH ST
"EL CAMINO","EL CAMINO REAL"
"EL CAMINO AV","EL CAMINO REAL"
"EL CAMINO REAL","EL CAMINO REAL"
"EL CAMINO REAL RD","EL CAMINO REAL"
"EL DORADO AV","EL DORADO AVE"
"EL MIRADOR PATH","EL MIRADOR PATH"
"EL PASEO PATH","EL PASEO PATH"
"EL PORTAL CT","EL PORTAL CT"
ELLIS,"ELLIS ST"
"ELLIS ST","ELLIS ST"
ELLSWORTH,"ELLSWORTH ST"
"ELLSWORTH AV","ELLSWORTH ST"
"ELLSWORTH ST","ELLSWORTH ST"
ELMWOOD,"ELMWOOD AVE"
"ELMWOOD AV","ELMWOOD AVE"
"ELMWOOD CIR","ELMWOOD AVE"
"ELMWOOD CT","ELMWOOD CT"
"ELMWOOD ST","ELMWOOD AVE"
EMERSON,"EMERSON ST"
"EMERSON ST","EMERSON ST"
"EMERYVILLE CITY LIMIT","EMERYVILLE CITY LIMIT"
"EMERYVILLE GREENWAY","EMERYVILLE GREENWAY"
ENCINA,"ENCINA PL"
"ENCINA DR","ENCINA PL"
ENSENADA,"ENSENADA AVE"
"ENSENADA AV","ENSENADA AVE"
"ENSENADA ST","ENSENADA AVE"
ESSEX,"ESSEX ST"
"ESSEX CT","ESSEX ST"
"ESSEX ST","ESSEX ST"
ETNA,"ETNA ST"
"ETNA ST","ETNA ST"
"ETON AV","ETNA ST"
"EUCALYPTUS RD","EUCALYPTUS RD"
EUCLID,"EUCLID AVE"
"EUCLID AV","EUCLID AVE"
"EUCLID AVE","EUCLID AVE"
"EUCLID DR","EUCLID AVE"
EUNICE,"EUNICE ST"
"EUNICE ST","EUNICE ST"
EVELYN,"EVELYN AVE"
"EVELYN AV","EVELYN AVE"
"EVELYN ST","EVELYN AVE"
FAIRLAWN,"FAIRLAWN DR"
"FAIRLAWN DR","FAIRLAWN DR"
FAIRVIEW,"FAIRVIEW ST"
"FAIRVIEW AV","FAIRVIEW ST"
"FAIRVIEW ST","FAIRVIEW ST"
"FAIRWAY AV","FAIRVIEW ST"
"FISH RANCH RD","FISH RANCH RD"
"FLORENCE ST","FLORENCE ST"
FLORIDA,"FLORIDA AVE"
"FLORIDA AV","FLORIDA AVE"
FOLGER,"FOLGER AVE"
"FOLGER AV","FOLGER AVE"
"FOLGER ST","FOLGER AVE"
FOREST,"FOREST AVE"
"FOREST AV","FOREST AVE"
"FOREST LN","FOREST LN"
"FOREST ST","FOREST AVE"
"FORREST LN","FORREST LN"
FOURTH,"FOURTH ST"
"FOURTH ST","FOURTH ST"
"FR RD","FRONTAGE RD"
FRANCISCO,"FRANCISCO ST"
"FRANCISCO LN","FRANCISCO ST"
"FRANCISCO ST","FRANCISCO ST"
"FRANK SCHIESSINGER WAY","FRANK SCHLESSINGER WAY"
FRANKLIN,FRANKLIN
"FRANKLIN ST","FRANKLIN ST"
"FRANTAGE RD","FRONTAGE RD"
FRESNO,FRESNO
"FRESNO AV","FRESNO AV"
"FRESNO ST","FRESNO ST"
"FRESON AV","FRESON AV"
"FROM GILMAN STREET","FROM GILMAN STREET"
FRONTAGE,FRONTAGE
"FRONTAGE AV","FRONTAGE RD"
"FRONTAGE BL","FRONTAGE RD"
"FRONTAGE RD","FRONTAGE RD"
"FRONTAGE ROAD","FRONTAGE RD"
"FRONTAGE ST","FRONTAGE RD"
"FT WEST OF BONITA AVE","BONITA AVE"
FULTON,"FULTON ST"
"FULTON AV","FULTON ST"
"FULTON ST","FULTON ST"
GAILEY,"GAYLEY RD"
GARBER,"GARBER ST"
"GARBER ST","GARBER ST"
"GAUSS WAY","GAUSS WAY"
GAYLEY,"GAYLEY RD"
"GAYLEY RD","GAYLEY RD"
GILLMAN,"GILMAN ST"
"GILLMAN ST","GILMAN ST"
"GILLMAN STREET U","GILMAN ST"
GILMAN,"GILMAN ST"
"GILMAN AV","GILMAN ST"
"GILMAN OFF","GILMAN ST"
"GILMAN ST","GILMAN ST"
"GILMAN ST U","GILMAN ST"
"GILMAN ST UNDERCROSSING","GILMAN ST"
"GILMAN STREET","GILMAN ST"
"GILMAN STREET U","GILMAN ST"
"GILMANS ST","GILMAN ST"
GLEN,"GLEN AVE"
"GLEN AV","GLEN AVE"
"GLEN ROSE LN","GLEN ROSE ALLEY"
GLENDALE,"GLENDALE AVE"
"GLENDALE AV","GLENDALE AVE"
"GLENDALE PATH","GLENDALE PATH"
"GOLDEN GATE AVE","GOLDEN GATE AVE"
"GOLF COURSE DR","GOLF COURSE DR"
"GOLF COURSE RD","GOLF COURSE RD"
"GRAHAM ST","GRAYSON ST"
"GRAND ST","GRANT ST"
GRANT,"GRANT ST"
"GRANT AV","GRANT ST"
"GRANT ST","GRANT ST"
"GRANT STREET","GRANT ST"
GRAYSON,"GRAYSON ST"
"GRAYSON ST","GRAYSON ST"
GREENWOOD,"GREENWOOD TER"
GRIZZLY,"GRIZZLY PEAK BLVD"
"GRIZZLY PEAK","GRIZZLY PEAK BLVD"
"GRIZZLY PEAK BL","GRIZZLY PEAK BLVD"
"GRIZZLY PEAK BLVD","GRIZZLY PEAK BLVD"
"GRIZZLY PEAK RD","GRIZZLY PEAK BLVD"
"GRIZZY PEAK BL","GRIZZLY PEAK BLVD"
"HALCYON CT","HALCYON CT"
"HALKIN LN","HALKIN LN"
HAMPTON,"SOUTHAMPTON AVE"
HARMON,"HARMON ST"
"HARMON AV","HARMON ST"
"HARMON ST","HARMON ST"
HAROLD,"HAROLD WAY"
"HAROLD ST","HAROLD WAY"
"HAROLD WAY","HAROLD WAY"
"HAROLD WY","HAROLD WAY"
HARPER,"HARPER ST"
"HARPER CT","HARPER ST"
"HARPER ST","HARPER ST"
"HARPER STREET","HARPER ST"
HARRISON,"HARRISON ST"
"HARRISON ST","HARRISON ST"
"HARRISON STREET","HARRISON ST"
HASKELL,"HASKELL ST"
"HASKELL ST","HASKELL ST"
HASTE,"HASTE ST"
"HASTE AV","HASTE ST"
"HASTE ST","HASTE ST"
HAWTHORNE,"HAWTHORNE TER"
"HAWTHORNE AV","HAWTHORNE TER"
"HAWTHORNE TER","HAWTHORNE TER"
HAZEL,"HAZEL RD"
"HAZEL RD","HAZEL RD"
"HAZEL ST","HAZEL RD"
HEARST,"HEARST AVE"
"HEARST AV","HEARST AVE"
"HEARST AV W","HEARST AVE"
"HEARST AVE","HEARST AVE"
"HEARST DR","HEARST AVE"
"HEARST ST","HEARST AVE"
HEINZ,"HEINZ AVE"
"HEINZ AV","HEINZ AVE"
"HEINZ ST","HEINZ AVE"
HENRY,"HENRY ST"
"HENRY CT","HENRY ST"
"HENRY ST","HENRY ST"
HIGHLAND,"HIGHLAND PL"
"HIGHLAND PL","HIGHLAND PL"
HILGARD,"HILGARD AVE"
"HILGARD AV","HILGARD AVE"
"HILL CREST","HILLCREST RD"
"HILL RD","HILL RD"
HILLCREST,"HILLCREST RD"
"HILLCREST CT","HILLCREST CT"
"HILLCREST RD","HILLCREST RD"
"HILLCREST ST","HILLCREST RD"
HILLDALE,"HILLDALE AVE"
"HILLDALE AV","HILLDALE AVE"
HILLEGASS,"HILLEGASS AVE"
"HILLEGASS AV","HILLEGASS AVE"
"HILLEGASS CT","HILLEGASS CT"
"HILLEGASS ST","HILLEGASS AVE"
HILLEGRASS,"HILLEGASS AVE"
HILLGASS,"HILLEGASS AVE"
"HILLIGESS ST","HILLEGASS AVE"
HILLSIDE,"HILLSIDE AVE"
"HILLSIDE AV","HILLSIDE AVE"
"HILLSIDE DR","HILLSIDE AVE"
"HILLSIDE ST","HILLSIDE AVE"
"HILLVIEW RD","HILLVIEW RD"
"HOFFMAN ST","HOFFMAN ST"
HOLLIS,"HOLLIS ST"
"HOLLIS ST","HOLLIS ST"
HOLLY,"HOLLY ST"
"HOLLY ST","HOLLY ST"
HOPKINS,"HOPKINS ST"
"HOPKINS AV","HOPKINS ST"
"HOPKINS SQ","HOPKINS CT"
"HOPKINS ST","HOPKINS ST"
HOWE,"HOWE ST"
"HOWE ST","HOWE ST"
"I 80 W",I-80
I-580,I-580
I-80,I-80
I-880,I-880
IDAHO,"IDAHO ST"
"IDAHO ST","IDAHO ST"
"IN EAST OF COLLEGE AVE","COLLEGE AVE"
"INDIAN ROCK","INDIAN ROCK AVE"
"INDIAN ROCK AV","INDIAN ROCK AVE"
"INDIAN ROCK AVE","INDIAN ROCK AVE"
"INDIAN ROCK PATH","INDIAN ROCK PATH"
"INDIAN ROCK RD","INDIAN ROCK AVE"
INTERSTATE,I-80
"INTERSTATE 580 EASTBOUND",I-580
"INTERSTATE 80 E",I-80
"INTERSTATE 80 EASTBOUND",I-80
"INTERSTATE 80 W",I-80
"INTERSTATE 80 WESTBOUND",I-80
"INTERSTATE 80 WESTBOUND TO ASHBY AVENUE",I-80
"JACKSON ST","JACKSON ST"
"JAYNE ST","JAYNES ST"
JEFFERSON,"JEFFERSON AVE"
"JEFFERSON AV","JEFFERSON AVE"
"JEFFERSON ST","JEFFERSON AVE"
"JEO GILMAN ST","GILMAN ST"
"JOHN ST","JOHN ST"
JONES,"JONES ST"
"JONES AV","JONES ST"
"JONES ST","JONES ST"
"JOSEPH ST","JOSEPHINE ST"
JOSEPHINE,"JOSEPHINE ST"
"JOSEPHINE ST","JOSEPHINE ST"
"JOSEPINE ST","JOSEPHINE ST"
JUANITA,"JUANITA WAY"
"JUANITA ST","JUANITA WAY"
"JUANITA WY","JUANITA WAY"
"JULI ST","JULIA ST"
JULIA,"JULIA ST"
"JULIA CT","JULIA ST"
"JULIA ST","JULIA ST"
KAINS,"KAINS AVE"
"KAINS AV","KAINS AVE"
"KAINS ST","KAINS AVE"
"KALA BAGAI","KALA BAGAI WAY"
"KALA BAGAI WY","KALA BAGAI WAY"
"KAY AV","KAY AVE"
"KAY AVE","KAY AVE"
KEELER,"KEELER AVE"
"KEELER AV","KEELER AVE"
KEITH,"KEITH AVE"
"KEITH AV","KEITH AVE"
KENTUCKY,"KENTUCKY AVE"
"KENTUCKY AV","KENTUCKY AVE"
"KEONCREST DR","KEONCREST DR"
KING,"KING ST"
"KING AV","KING ST"
"KING ST","KING ST"
KITTREDGE,"KITTREDGE ST"
"KITTREDGE AV","KITTREDGE ST"
"KITTREDGE ST","KITTREDGE ST"
"KITTRIDGE ST","KITTREDGE ST"
"LA CIENEGA BL","LA CIENEGA BL"
"LA LOMA","LA LOMA AVE"
"LA LOMA AV","LA LOMA AVE"
"LA LOMA ST","LA LOMA AVE"
"LA LOMA STEPS","LA LOMA STEPS"
"LA VEREDA RD","LA VEREDA RD"
"LAKE ANZA RD","LAKE ANZA RD"
"LALOMA AV","LA LOMA AVE"
LASSEN,"LASSEN ST"
"LASSEN ST","LASSEN ST"
LATHAM,"LATHAM LN"
"LATHAM LN","LATHAM LN"
"LAUREL LN","LAUREL LN"
"LAUREL ST","LAUREL ST"
"LE CONTE","LE CONTE AVE"
"LE CONTE AV","LE CONTE AVE"
"LE ROY","LE ROY AVE"
"LE ROY AV","LE ROY AVE"
"LE ROY ST","LE ROY AVE"
LEROY,"LE ROY AVE"
"LEROY AV","LE ROY AVE"
"LEWISTON AV","LEWISTON AVE"
"LIGHT POLE B","LIGHT POLE B"
LINCOLN,"LINCOLN ST"
"LINCOLN AV","LINCOLN ST"
"LINCOLN ST","LINCOLN ST"
"LINDEN AV","LINDEN AV"
LORINA,"LORINA ST"
"LORINA ST","LORINA ST"
"LOS ANGELES","LOS ANGELES AVE"
"LOS ANGELES AV","LOS ANGELES AVE"
"LOS ANGELES ST","LOS ANGELES AVE"
"M L K JR WY","MARTIN LUTHER KING JR WAY"
"M L KING JR","MARTIN LUTHER KING JR WAY"
"M L KING JR WAY","MARTIN LUTHER KING JR WAY"
"M L KING JR WY","MARTIN LUTHER KING JR WAY"
MABEL,"MABEL ST"
"MABEL AV","MABEL ST"
"MABEL ST","MABEL ST"
"MABEL STREET","MABEL ST"
"MADERA ST","MADERA ST"
MAGNOLIA,MAGNOLIA
"MAGNOLIA ST","MAGNOLIA ST"
"MAIN ST","MARIN AVE"
MARIN,"MARIN AVE"
"MARIN AV","MARIN AVE"
"MARIN AV N","MARIN AVE"
"MARIN AVE","MARIN AVE"
"MARIN AVENUE","MARIN AVE"
"MARIN CIR","MARIN CIR"
"MARIN ST","MARIN AVE"
MARINA,"MARINA BLVD"
"MARINA AV","MARINA BLVD"
"MARINA BL","MARINA BLVD"
MARIPOSA,"MARIPOSA AVE"
"MARIPOSA AV","MARIPOSA AVE"
"MARTIN CIR","MARIN CIR"
"MARTIN LUTHER KING","MARTIN LUTHER KING JR WAY"
"MARTIN LUTHER KING BL","MARTIN LUTHER KING JR WAY"
"MARTIN LUTHER KING DR","MARTIN LUTHER KING JR WAY"
"MARTIN LUTHER KING JR","MARTIN LUTHER KING JR WAY"
"MARTIN LUTHER KING JR BL","MARTIN LUTHER KING JR WAY"
"MARTIN LUTHER KING JR WAY","MARTIN LUTHER KING JR WAY"
"MARTIN LUTHER KING JR WY","MARTIN LUTHER KING JR WAY"
"MARTIN LUTHER KING JR WY E","MARTIN LUTHER KING JR WAY"
"MARTIN LUTHER KING JR WY S","MARTIN LUTHER KING JR WAY"
"MARTIN LUTHER KING JUNIOR WY","MARTIN LUTHER KING JR WAY"
"MARTIN LUTHER KING WY","MARTIN LUTHER KING JR WAY"
"MARTIN LUTHERR KING JR","MARTIN LUTHER KING JR WAY"
"MARVIN AV","MARVIN AV"
"MARYLAND AV","MARYLAND AVE"
MASONIC,"MASONIC AVE"
"MASONIC AV","MASONIC AVE"
MATHEWS,"MATHEWS ST"
"MATHEWS ST","MATHEWS ST"
MATTHEWS,"MATHEWS ST"
"MATTHEWS ST","MATHEWS ST"
"MAYBECK TWIN DR","MAYBECK TWIN DR"
"MAYBELLE AV","MAYBELLE AV"
"MC KINNEY ST","MCKINLEY AVE"
MCGEE,"MCGEE AVE"
"MCGEE AV","MCGEE AVE"
"MCGEE ST","MCGEE AVE"
MCKINLEY,"MCKINLEY AVE"
"MCKINLEY AV","MCKINLEY AVE"
"MCKINLEY ST","MCKINLEY AVE"
MENDOCINO,"MENDOCINO AVE"
"MENDOCINO AV","MENDOCINO AVE"
"MENLO PL","MENLO PL"
MERCED,"MERCED ST"
"MERCED ST","MERCED ST"
MICHIGAN,"MICHIGAN AVE"
"MICHIGAN AV","MICHIGAN AVE"
"MICHIGAN AVENUE","MICHIGAN AVE"
"MICHIGAN ST","MICHIGAN AVE"
"MILES AV","MILES AVE"
MILLER,"MILLER AVE"
"MILLER AV","MILLER AVE"
MILVIA,"MILVIA ST"
"MILVIA ST","MILVIA ST"
"MILVIA ST S","MILVIA ST"
"MK JR WY","MARTIN LUTHER KING JR WAY"
"MLK JR","MARTIN LUTHER KING JR WAY"
"MLK JR WAY","MARTIN LUTHER KING JR WAY"
"MLK JR WY","MARTIN LUTHER KING JR WAY"
"MLK JR WY N","MARTIN LUTHER KING JR WAY"
"MLK ST","MARTIN LUTHER KING JR WAY"
"MLK WAY","MARTIN LUTHER KING JR WAY"
"MLK WY","MARTIN LUTHER KING JR WAY"
"MLKING JR WY","MARTIN LUTHER KING JR WAY"
MODOC,"MODOC ST"
"MODOC AV","MODOC ST"
"MODOC ST","MODOC ST"
MONTEREY,"MONTEREY AVE"
"MONTEREY AV","MONTEREY AVE"
"MONTEREY AVE","MONTEREY AVE"
"MONTEREY ST","MONTEREY AVE"
"MONTROSE AV","MONTROSE RD"
"MONTROSE RD","MONTROSE RD"
"MONTROSE ROAD","MONTROSE RD"
"MOSSWOOD RD","MOSSWOOD RD"
"MUIR WY","MUIR WAY"
MURRAY,"MURRAY ST"
"MURRAY COM","MURRAY ST"
"MURRAY ST","MURRAY ST"
"MURRAY STREET","MURRAY ST"
"MYSTIC ST","MYSTIC ST"
NAPA,"NAPA AVE"
"NAPA AV","NAPA AVE"
"NAPA ST","NAPA AVE"
NEILSON,"NEILSON ST"
"NEILSON ST","NEILSON ST"
"NEWBERRY ST","NEWBURY ST"
NEWBURY,"NEWBURY ST"
"NEWBURY ST","NEWBURY ST"
"NIELSON AV","NIELSON ST"
"NIELSON ST","NIELSON ST"
NINTH,"NINTH ST"
"NINTH ST","NINTH ST"
"NINTH STREET","NINTH ST"
"NOGALES ST","NOGALES ST"
NORTHAMPTON,"NORTHAMPTON AVE"
"NORTHAMPTON AV","NORTHAMPTON AVE"
"NORTHBRAE TUNNEL","NORTHBRAE TUNNEL"
NORTHGATE,"NORTHGATE AVE"
"NORTHGATE AV","NORTHGATE AVE"
"NORTHGATE ST","NORTHGATE AVE"
"NORTHSIDE AV","NORTHSIDE AVE"
"OAK KNOLL","OAK KNOLL TER"
"OAK KNOLL TER","OAK KNOLL TER"
"OAK RIDGE","OAK RIDGE RD"
"OAK RIDGE RD","OAK RIDGE RD"
"OAK ST","OAK ST"
"OAK STREET PATH ST","OAK STREET PATH"
"OAKRIDGE RD","OAK RIDGE RD"
OAKVALE,"OAKVALE AVE"
"OAKVALE AV","OAKVALE AVE"
"OAKVALE ST","OAKVALE AVE"
"OF GILMAN STREET","GILMAN ST"
"OF I","I-80"
"OF UNIVERSITY AVENUE","UNIVERSITY AVE"
"OHLONE GREENWAY","OHLONE GREENWAY"
ORDWAY,"ORDWAY ST"
"ORDWAY ST","ORDWAY ST"
OREGON,"OREGON ST"
"OREGON ST","OREGON ST"
OREGONST,"OREGON ST"
OTIS,"OTIS ST"
"OTIS ST","OTIS ST"
OXFORD,"OXFORD ST"
"OXFORD AV","OXFORD ST"
"OXFORD CIR","OXFORD ST"
"OXFORD LN","OXFORD LN"
"OXFORD SQ","OXFORD ST"
"OXFORD ST","OXFORD ST"
"OXFORD ST N","OXFORD ST"
"OXFORD ST S","OXFORD ST"
"OXFORD WY","OXFORD ST"
PAGE,"PAGE ST"
"PAGE AV","PAGE ST"
"PAGE ST","PAGE ST"
PALM,"PALM CT"
"PALM CT","PALM CT"
PANORAMIC,"PANORAMIC WAY"
"PANORAMIC PL","PANORAMIC PL"
"PANORAMIC WAY","PANORAMIC WAY"
"PANORAMIC WY","PANORAMIC WAY"
PARDEE,"PARDEE ST"
"PARDEE AV","PARDEE ST"
"PARDEE ST","PARDEE ST"
PARK,"SOUTH PARK DR"
"PARK DR","SOUTH PARK DR"
"PARK DRIVE","SOUTH PARK DR"
"PARK GATE","PARK GATE"
"PARK GATE RD","PARK GATE"
"PARK HILLS","PARK HILLS RD"
"PARK HILLS RD","PARK HILLS RD"
"PARK RD","SOUTH PARK DR"
"PARK ST","PARK ST"
PARKER,"PARKER ST"
"PARKER AV","PARKER ST"
"PARKER RD","PARKER ST"
"PARKER SQUARE E","PARKER ST"
"PARKER ST","PARKER ST"
"PARKSIDE DR","PARKSIDE DR"
PERALTA,"PERALTA AVE"
"PERALTA AV","PERALTA AVE"
"PERALTA ST","PERALTA AVE"
PERLTA,"PERALTA AVE"
PIEDMONT,"PIEDMONT AVE"
"PIEDMONT AV","PIEDMONT AVE"
"PIEDMONT CRES","PIEDMONT CRESCENT"
"PIEDMONT ST","PIEDMONT AVE"
PIEMONT,"PIEDMONT AVE"
"PIEMONT AV","PIEDMONT AVE"
PINE,"PINE AVE"
"PINE AV","PINE AVE"
POLE,POLE
POPLAR,"POPLAR ST"
"POPLAR AV","POPLAR ST"
"POPLAR ST","POPLAR ST"
"PORTLAND AV","PORTLAND AVE"
POSEN,"POSEN AVE"
"POSEN AV","POSEN AVE"
"POSEN AVE","POSEN AVE"
"POSEN ST","POSEN AVE"
POTTER,"POTTER ST"
"POTTER ST","POTTER ST"
"POTTER ST W","POTTER ST"
"POWELL ST","POWELL ST"
"POWELL STREET","POWELL ST"
"POWER POLE","POWER POLE"
"PRESLEY WAY","PRESLEY WAY"
PRINCE,"PRINCE ST"
"PRINCE DR","PRINCE DR"
"PRINCE ST","PRINCE ST"
"PRIVATE PROPERTY","PRIVATE PROPERTY"
PROSPECT,"PROSPECT ST"
"PROSPECT AV","PROSPECT ST"
"PROSPECT CT","PROSPECT ST"
"PROSPECT ST","PROSPECT ST"
"PROSPECT TER","PROSPECT ST"
"QUAIL AV","QUAIL AVE"
"QUARRY RD","QUARRY RD"
"QUARRY ST","QUARRY RD"
"QUEENS RD","QUEENS RD"
REGAL,"REGAL RD"
"REGAL RD","REGAL RD"
REGENT,"REGENT ST"
"REGENT AV","REGENT ST"
"REGENT ST","REGENT ST"
RIDGE,"RIDGE RD"
"RIDGE CREST CT","RIDGE CREST CT"
"RIDGE RD","RIDGE RD"
"ROANOKE RD","ROANOKE RD"
"ROANOKE ST","ROANOKE RD"
"ROBLE CT","ROBLE CT"
"ROBLE RD","ROBLE RD"
"ROCK LN","ROCK LN"
"RODEMONT AV","ROSEMONT AVE"
ROOSEVELT,"ROOSEVELT AVE"
"ROOSEVELT AV","ROOSEVELT AVE"
"ROOSEVELT ST","ROOSEVELT AVE"
ROSE,"ROSE ST"
"ROSE AV","ROSE ST"
"ROSE CT","ROSE ST"
"ROSE ST","ROSE ST"
"ROSE STREET","ROSE ST"
"ROSE STREET E","ROSE ST"
"ROSEMONT AV","ROSEMONT AVE"
"RT 101","RT 101"
"RT 123","SAN PABLO AVE"
"RT 13","ASHBY AVE"
"RT 185","RT 185"
"RT 24","RT 24"
"RT 580","I-580"
"RT 80","I-80"
"RT 880","I-880"
RT1805,"RT 185"
RUSSEL,"RUSSELL ST"
"RUSSEL ST","RUSSELL ST"
RUSSELL,"RUSSELL ST"
"RUSSELL AV","RUSSELL ST"
"RUSSELL SQUARE","RUSSELL ST"
"RUSSELL ST","RUSSELL ST"
"RUSSET ST","RUSSET ST"
SACRAMENTO,"SACRAMENTO ST"
"SACRAMENTO AV","SACRAMENTO ST"
"SACRAMENTO SQ","SACRAMENTO ST"
"SACRAMENTO ST","SACRAMENTO ST"
"SACRAMENTO STREET","SACRAMENTO ST"
"SAN ANTONIO AV","SAN ANTONIO AVE"
"SAN BENITO RD","SAN BENITO RD"
"SAN DIEGO RD","SAN DIEGO RD"
"SAN FERNANDO","SAN FERNANDO AVE"
"SAN FERNANDO AV","SAN FERNANDO AVE"
"SAN FRANCISCO BAY TRL","SAN FRANCISCO BAY TRAIL"
"SAN JUAN AV","SAN JUAN AVE"
"SAN LEANDRO AV","SAN LORENZO AVE"
"SAN LORENZO","SAN LORENZO AVE"
"SAN LORENZO AV","SAN LORENZO AVE"
"SAN LORENZO ST","SAN LORENZO AVE"
"SAN LUIS","SAN LUIS RD"
"SAN LUIS RD","SAN LUIS RD"
"SAN MATEO","SAN MATEO RD"
"SAN MATEO RD","SAN MATEO RD"
"SAN MIGUEL","SAN MIGUEL AVE"
"SAN PABLO","SAN PABLO AVE"
"SAN PABLO AV","SAN PABLO AVE"
"SAN PABLO AV N","SAN PABLO AVE"
"SAN PABLO AVE","SAN PABLO AVE"
"SAN PABLO AVENUE","SAN PABLO AVE"
"SAN PABLO BL","SAN PABLO AVE"
"SAN PABLO CHEVRON GAS","SAN PABLO CHEVRON GAS"
"SAN PABLO W","SAN PABLO AVE"
"SAN PEDRO AV","SAN PEDRO AVE"
"SAN RAMON","SAN RAMON AVE"
"SAN RAMON AV","SAN RAMON AVE"
"SANTA BARBARA","SANTA BARBARA RD"
"SANTA BARBARA CT","SANTA BARBARA RD"
"SANTA BARBARA RD","SANTA BARBARA RD"
"SANTA BARBERA","SANTA BARBARA RD"
"SANTA CLARA AV","SANTA CLARA AVE"
"SANTA FE","SANTA FE AVE"
"SANTA FE AV","SANTA FE AVE"
"SANTA FE ST","SANTA FE AVE"
"SANTA ROSA AV","SANTA ROSA AVE"
SCENIC,"SCENIC AVE"
"SCENIC AV","SCENIC AVE"
"SCENIC ST","SCENIC AVE"
SCHLESSINGER,"FRANK SCHLESSINGER WAY"
SEAWALL,"SEAWALL DR"
"SEAWALL DR","SEAWALL DR"
"SECOND ST","SECOND ST"
SENIOR,"SENIOR AVE"
"SENIOR AV","SENIOR AVE"
SHASTA,"SHASTA RD"
"SHASTA AV","SHASTA RD"
"SHASTA RD","SHASTA RD"
"SHATTLUCK AV","SHATTUCK AVE"
SHATTUCK,"SHATTUCK AVE"
"SHATTUCK AV","SHATTUCK AVE"
"SHATTUCK AVE","SHATTUCK AVE"
"SHATTUCK PL","SHATTUCK PL"
"SHATTUCK SQ","SHATTUCK SQ"
"SHATTUCK STEPS","SHATTUCK AVE"
"SHELLMOUND ST","SHELLMOUND ST"
"SHELLMOUND STREET","SHELLMOUND ST"
"SHORE HWY","EASTSHORE HWY"
"SHORE WY","EASTSHORE HWY"
"SHORT ST","SHORT ST"
SHUTTUCK,"SHATTUCK AVE"
"SHUTTUCK AV","SHATTUCK AVE"
"SIERRA ST","SIERRA ST"
"SIXTH ST","SIXTH ST"
SOLANO,SOLANO
"SOLANO AV","SOLANO AVE"
"SOLANO ST","SOLANO AVE"
"SOLANO WY","SOLANO AVE"
"SOMERSET PL","SOMERSET PL"
"SONOMA AV","SONOMA AVE"
"SONOMA ST","SONOMA AVE"
SOUTHAMPTON,"SOUTHAMPTON AVE"
"SOUTHAMPTON AV","SOUTHAMPTON AVE"
"SOUTHAMPTON RD","SOUTHAMPTON AVE"
"SOUTHERN PACIFIC RR TRACKS","SOUTHERN PACIFIC RR TRACKS"
SOUTHHAMPTON,"SOUTHAMPTON AVE"
"SOUTHHAMPTON AV","SOUTHAMPTON AVE"
"SPALDING ST","SPAULDING AVE"
SPAULDING,"SPAULDING AVE"
"SPAULDING AV","SPAULDING AVE"
"SPAULDING ST","SPAULDING AVE"
SPINNAKER,"SPINNAKER WAY"
"SPINNAKER WY","SPINNAKER WAY"
"SPINNAKER WY N","SPINNAKER WAY"
"SPORTS LN","SPORTS LN"
"SPRING ST","SPRING WAY"
SPRUCE,"SPRUCE ST"
"SPRUCE AV","SPRUCE ST"
"SPRUCE CT","SPRUCE ST"
"SPRUCE SQ","SPRUCE ST"
"SPRUCE ST","SPRUCE ST"
"SPRUCE STREET","SPRUCE ST"
SR-13,"ASHBY AVE"
"STADIUM RIM","STADIUM RIM WAY"
"STADIUM RIM WY","STADIUM RIM WAY"
STANFORD,"STANFORD AVE"
"STANFORD AV","STANFORD AVE"
"STANFORD ST","STANFORD AVE"
STANNAGE,"STANNAGE AVE"
"STANNAGE AV","STANNAGE AVE"
"STANNAGE ST","STANNAGE AVE"
STANTON,"STANTON ST"
"STANTON RD","STANTON ST"
"STANTON ST","STANTON ST"
STATION,"STATION PL"
"STATION PL","STATION PL"
"STATTUCK AV","SHATTUCK AVE"
"STERLING AV","STERLING AVE"
"STEVENSON AV","STEVENSON AVE"
"STEVENSON PATH","STEVENSON PATH"
"STODDARD AV","STODDARD WAY"
"STODDARD WY","STODDARD WAY"
"STONEWALL RD","STONEWALL RD"
"STREET PATH","WEST STREET PATH"
STUART,"STUART ST"
"STUART ST","STUART ST"
SUMMER,"SUMMER ST"
"SUMMER ST","SUMMER ST"
"SUMMIT DR","SUMMIT RD"
"SUMMIT RD","SUMMIT RD"
SUNSET,"SUNSET LN"
"SUNSET AV","SUNSET LN"
"SUNSET LN","SUNSET LN"
"SUNSET TER","SUNSET TER"
SUTTER,"SUTTER ST"
"SUTTER ST","SUTTER ST"
TACOMA,"TACOMA AVE"
"TACOMA AV","TACOMA AVE"
"TACOMA ST","TACOMA AVE"
TALBOT,"TALBOT AVE"
"TALBOT AV","TALBOT AVE"
"TALBOT AVENUE","TALBOT AVE"
TAMALPAIS,"TAMALPAIS RD"
"TAMALPAIS AV","TAMALPAIS RD"
"TAMALPAIS RD","TAMALPAIS RD"
"TAMALPALIS RD","TAMALPAIS RD"
"TANGLEWOOD RD","TANGLEWOOD RD"
TELEGRAPH,"TELEGRAPH AVE"
"TELEGRAPH AV","TELEGRAPH AVE"
"TELEGRAPH AVENUE N","TELEGRAPH AVE"
"TENAYA ST","TENTH ST"
"TERRACE WALK","TERRACE WALK"
TEVLIN,"TEVLIN ST"
"TEVLIN ST","TEVLIN ST"
"THE ALAMEDA","THE ALAMEDA"
"THE ALAMEDA AV","THE ALAMEDA"
"THE ALAMEDA ST","THE ALAMEDA"
"THE ARLINGTON","ARLINGTON AVE"
"THE BERKELEY I","UNIVERSITY PEDESTRIAN BRIDGE"
"THE BUCHANAN ST","BUCHANAN ST"
"THE CIRCLE","MARIN CIR"
"THE CIRCLE CIR","MARIN CIR"
"THE CRESCENT","THE CRESCENT"
"THE CROSSWAYS","THE CROSSWAYS"
"THE EAST ASHBY AVENUE O","ASHBY AVE"
"THE EAST ASHBY AVENUE OVERCROSSING","ASHBY AVE"
"THE FOOTWAY","THE FOOTWAY"
"THE GILMAN ST","GILMAN ST"
"THE PLAZA","THE PLAZA DR"
"THE SHORT CUT","THE SHORTCUT"
"THE SPIRAL","THE SPIRAL"
"THE UNIVERSITY AV","UNIVERSITY AVE"
"THE UPLAND","THE UPLANDS"
"THE UPLANDS","THE UPLANDS"
"THE UPLANDS RD","THE UPLANDS"
"THOUSAND OAKS","THOUSAND OAKS BLVD"
"THOUSAND OAKS AV","THOUSAND OAKS BLVD"
"THOUSAND OAKS BL","THOUSAND OAKS BLVD"
TILDEN,TILDEN
"TOLL PLAZA","TOLL PLAZA"
TREMONT,"TREMONT ST"
"TREMONT ST","TREMONT ST"
"TULANE AV","TULANE AVE"
TULARE,"TULARE AVE"
"TULARE AV","TULARE AVE"
"TULARE ST","TULARE AVE"
TUNNEL,"TUNNEL RD"
"TUNNEL AV","TUNNEL RD"
"TUNNEL BORE","TUNNEL BORE"
"TUNNEL RD","TUNNEL RD"
"TUNNEL RD E","TUNNEL RD"
TUNNELL,"TUNNEL RD"
TWAIN,"TWAIN AVE"
"TWAIN AV","TWAIN AVE"
TYLER,"TYLER ST"
"TYLER ST","TYLER ST"
UNINVERSITY,"UNIVERSITY AVE"
"UNION AV","UNION AV"
"UNIVERISITY AV","UNIVERSITY AVE"
UNIVERISTY,"UNIVERSITY AVE"
"UNIVERISTY AVE","UNIVERSITY AVE"
"UNIVERISTY AVENUE","UNIVERSITY AVE"
"UNIVERISTY AVENUE OVER","UNIVERSITY AVE"
UNIVERITY,"UNIVERSITY AVE"
UNIVERSITY,"UNIVERSITY AVE"
"UNIVERSITY AV","UNIVERSITY AVE"
"UNIVERSITY AVE","UNIVERSITY AVE"
"UNIVERSITY AVE O","UNIVERSITY AVE"
"UNIVERSITY AVE OVER","UNIVERSITY AVE"
"UNIVERSITY AVE OVER CROSSING","UNIVERSITY AVE"
"UNIVERSITY AVE OVERCROSSING","UNIVERSITY AVE"
"UNIVERSITY AVE PED O","UNIVERSITY PEDESTRIAN BRIDGE"
"UNIVERSITY AVE PEDESTRIAN O","UNIVERSITY PEDESTRIAN BRIDGE"
"UNIVERSITY AVE PEDESTRIAN OVER CROSSING","UNIVERSITY PEDESTRIAN BRIDGE"
"UNIVERSITY AVE PEDESTRIAN OVERCROSSING","UNIVERSITY PEDESTRIAN BRIDGE"
"UNIVERSITY AVENUE","UNIVERSITY AVE"
"UNIVERSITY AVENUE O","UNIVERSITY AVE"
"UNIVERSITY AVENUE OVER","UNIVERSITY AVE"
"UNIVERSITY AVENUE OVERCROSSING","UNIVERSITY AVE"
"UNIVERSITY AVENUE PED O","UNIVERSITY PEDESTRIAN BRIDGE"
"UNIVERSITY AVENUE PED OVERCROSSING","UNIVERSITY PEDESTRIAN BRIDGE"
"UNIVERSITY AVENUE PEDESTRIAN O","UNIVERSITY PEDESTRIAN BRIDGE"
"UNIVERSITY AVENUE PEDESTRIAN OVER","UNIVERSITY PEDESTRIAN BRIDGE"
"UNIVERSITY AVENUE PEDESTRIAN OVERCROSS","UNIVERSITY PEDESTRIAN BRIDGE"
"UNIVERSITY AVENUE PEDESTRIAN OVERCROSSIN","UNIVERSITY PEDESTRIAN BRIDGE"
"UNIVERSITY AVENUE PEDESTRIAN OVERCROSSING","UNIVERSITY PEDESTRIAN BRIDGE"
"UNIVERSITY AVENUNE","UNIVERSITY AVE"
"UNIVERSITY O","UNIVERSITY O"
"UNIVERSITY OVERPASS","UNIVERSITY OVERPASS"
"UNIVERSITY PED O","UNIVERSITY PEDESTRIAN BRIDGE"
"UNIVERSITY PEDESTRIAN O","UNIVERSITY PEDESTRIAN BRIDGE"
"UNIVERSITY PEDESTRIAN OVERCROSSING","UNIVERSITY PEDESTRIAN BRIDGE"
"UNIVERSITY ST","UNIVERSITY AVE"
UNIVERSIY,"UNIVERSITY AVE"
"UNIVRESITY AVENUE OVER","UNIVERSITY AVE"
"UNIVSERITY AVENUE","UNIVERSITY AVE"
UNKNOWN,UNKNOWN
"UNVERSITY AVE","UNIVERSITY AVE"
"UNVERSITY AVENUE","UNIVERSITY AVE"
"UPLAND AV","THE UPLANDS"
"UTILITY POLE","UTILITY POLE"
"VALLEE TER","VALLEE TER"
VALLEJO,"VALLEJO ST"
"VALLEJO ST","VALLEJO ST"
VALLEY,"VALLEY ST"
"VALLEY AV","VALLEY ST"
"VALLEY ST","VALLEY ST"
"VASSAR AV","VASSAR AVE"
"VENTURA AV","VENTURA AVE"
"VERMONT AV","VERMONT AVE"
"VERMONT ST","VERMONT AVE"
"VICENTE AV","VICENTE RD"
"VICENTE RD","VICENTE RD"
VINCENTE,"VINCENTE AVE"
"VINCENTE AV","VINCENTE AVE"
"VINCENTE RD","VINCENTE AVE"
VINE,"VINE ST"
"VINE CT","VINE ST"
"VINE ST","VINE ST"
"VINTAGE CT","VIRGINIA ST"
VIRGINIA,"VIRGINIA ST"
"VIRGINIA AV","VIRGINIA ST"
"VIRGINIA ST","VIRGINIA ST"
VISALIA,"VISALIA AVE"
"VISALIA AV","VISALIA AVE"
"VISTAMONT AV","VISTAMONT AVE"
"WALLACE ST","WALLACE ST"
WALNUT,"WALNUT ST"
"WALNUT AV","WALNUT ST"
"WALNUT AVE","WALNUT ST"
"WALNUT ST","WALNUT ST"
"WALNUT STREET","WALNUT ST"
WARD,"WARD ST"
"WARD LN","WARD ST"
"WARD ST","WARD ST"
WARRING,"WARRING ST"
"WARRING ST","WARRING ST"
WASHINGTON,"WASHINGTON AVE"
WATKINS,"WATKINS ST"
"WATKINS ST","WATKINS ST"
WEBSTER,"WEBSTER ST"
"WEBSTER ST","WEBSTER ST"
"WEBSTER ST S","WEBSTER ST"
"WEIGHT SCALES","WEIGHT SCALES"
WEST,"WEST ST"
"WEST ST","WEST ST"
"WESTERN ASHBY AVE","ASHBY AVE"
WHEELER,"WHEELER ST"
"WHEELER ST","WHEELER ST"
WHITAKER,WHITAKER
"WHITAKER AV","WHITAKER AVE"
"WHITNEY ST","WHITNEY ST"
"WILDCAT CANYON","WILDCAT CANYON RD"
"WILDCAT CANYON RD","WILDCAT CANYON RD"
"WILSHIRE BL","WILSHIRE BLVD"
WOODHAVEN,"WOODHAVEN RD"
"WOODHAVEN RD","WOODHAVEN RD"
WOODMONT,"WOODMONT AVE"
"WOODMONT AV","WOODMONT AVE"
WOOLSEY,"WOOLSEY ST"
"WOOLSEY ST","WOOLSEY ST"
"WOOSLEY ST","WOOLSEY ST"
"WOOSTER ST","WOOLSEY ST"
"YOLO AV","YOLO AVE"
"YOSEMITE RD","YOSEMITE RD"
