case_id,primary_rd,secondary_rd
5414040,"CHANNING WAY","DANA ST"
5911429,"I-80","SIXTH ST"
5911875,"I-80","UNIVERSITY AVE"
5918803,"ALVARADO RD","VICENTE RD"
5942493,"HEARST AVE","EUCLID AVE"
5942501,"GRAYSON ST","SAN PABLO AVE"
5991390,"TELEGRAPH AVE","PARKER ST"
5991398,"OXFORD ST","ADDISON ST"
5991402,"ALCATRAZ AVE","ALCATRAZ AVE"
5991406,"SAN PABLO AVE","UNIVERSITY AVE"
5991414,"FULTON ST","CHANNING WAY"
5991426,"ASHBY AVE","ASHBY AVE"
5991430,"BROWNING ST","ALLSTON WAY"
5991728,"MILVIA ST","CEDAR ST"
5991759,"UNIVERSITY AVE","MARTIN LUTHER KING JR WAY"
5997314,"HEINZ AVE","EIGHTH ST"
5997322,"UNIVERSITY AVE","MARTIN LUTHER KING JR WAY"
5997330,"SAN PABLO AVE","ADDISON ST"
5997334,"SACRAMENTO ST","VIRGINIA ST"
5997338,"OXFORD ST","CENTER ST"
5997342,"SAN PABLO AVE","ASHBY AVE"
5997346,"GLENDALE AVE","LA LOMA AVE"
5997350,"DOMINGO AVE","ASHBY AVE"
5997358,"ASHBY AVE","SHATTUCK AVE"
6002302,"BANCROFT WAY","SIXTH ST"
6003216,"DURANT AVE","BOWDITCH ST"
6003220,"SHATTUCK AVE","PARKER ST"
6003224,"FULTON ST","BLAKE ST"
6003232,"LA LOMA AVE","BUENA VISTA WAY"
6004281,"CALIFORNIA ST","DERBY ST"
6004285,"BANCROFT WAY","ELLSWORTH ST"
6004289,"ASHBY AVE","MABEL ST"
6006408,"SOLANO AVE","COLUSA AVE"
6006412,"SAN PABLO AVE","ADDISON ST"
6006416,"SACRAMENTO ST","ASHBY AVE"
6006420,"HASTE ST","PIEDMONT AVE"
6006431,"RUSSELL ST","CALIFORNIA ST"
6006435,"ADELINE ST","ASHBY AVE"
6006443,"ROSE ST","SPRUCE ST"
6006451,"BANCROFT WAY","MCKINLEY AVE"
6006455,"ALLSTON WAY","SHATTUCK AVE"
6006459,"BANCROFT WAY","FULTON ST"
6006467,"SHATTUCK AVE","KITTREDGE ST"
6006471,"MARTIN LUTHER KING JR WAY","ALLSTON WAY"
6006475,"EUCLID AVE","CRYSTAL WAY"
6006479,"GILMAN ST","FIFTH ST"
6008206,"FULTON ST","KITTREDGE ST"
6010091,"COLLEGE AVE","WEBSTER ST"
6010138,"CHANNING WAY","BOWDITCH ST"
6010158,"SHATTUCK AVE","LINCOLN ST"
6039461,"SHATTUCK AVE","DURANT AVE"
6039473,"EIGHTH ST","CAMELIA ST"
6052739,"COLLEGE AVE","ALCATRAZ AVE"
6054555,"MARTIN LUTHER KING JR WAY","CARLETON ST"
6056642,"UNIVERSITY AVE","SEVENTH ST"
6056662,"GILMAN ST","FRONTAGE RD"
6056665,"ROSE ST","OXFORD ST"
6056670,"MILVIA ST","ADDISON ST"
6056673,"SECOND ST","GILMAN ST"
6056677,"HASTE ST","DANA ST"
6056678,"ADELINE ST","HARMON ST"
6056686,"CLAREMONT AVE","ASHBY AVE"
6056689,"ADELINE ST","HARMON ST"
6056693,"CHANNING WAY","TELEGRAPH AVE"
6056701,"HEARST AVE","GAYLEY RD"
6056706,"HEARST AVE","BONITA AVE"
6056710,"FULTON ST","CHANNING WAY"
6056714,"SHATTUCK AVE","BLAKE ST"
6056717,"SOLANO AVE","FRESNO AV"
6056718,"BANCROFT WAY","DANA ST"
6059663,"DWIGHT WAY","SACRAMENTO ST"
6059667,"COLLEGE AVE","DERBY ST"
6059675,"MILVIA ST","MILVIA ST"
6059679,"MARTIN LUTHER KING JR WAY","ASHBY AVE"
6067661,"MURRAY ST","SAN PABLO AVE"
6067702,"WEBSTER ST","COLLEGE AVE"
6071142,"RIDGE RD","LA LOMA AVE"
6083602,"OREGON ST","SACRAMENTO ST"
6083606,"NORTHSIDE AVE","GILMAN ST"
6083607,"SACRAMENTO ST","DWIGHT WAY"
6083612,"MARTIN LUTHER KING JR WAY","BANCROFT WAY"
6083614,"ADELINE ST","ASHBY AVE"
6083619,"CENTER ST","SHATTUCK AVE"
6083620,"ASHBY AVE","TELEGRAPH AVE"
6083622,"ASHBY AVE","HILLEGASS AVE"
6083623,"COLLEGE AVE","WOOLSEY ST"
6083626,"SACRAMENTO ST","WARD ST"
6083628,"CONTRA COSTA AVE","SOLANO AVE"
6083632,"ADELINE ST","OREGON ST"
6083636,"BANCROFT WAY","DANA ST"
6083638,"PIEDMONT AVE","PIEDMONT AVE"
6083640,"HOPKINS ST","CALIFORNIA ST"
6083642,"ADELINE ST","HARMON ST"
6083648,"ASHBY AVE","MABEL ST"
6083654,"ADELINE ST","EMERSON ST"
6083660,"BANCROFT WAY","BOWDITCH ST"
6083662,"MILVIA ST","DWIGHT WAY"
6083664,"EUNICE ST","SPRUCE ST"
6083668,"HEARST AVE","GRANT ST"
6083672,"ASHBY AVE","KING ST"
6083679,"THE ALAMEDA","HOPKINS ST"
6111288,"ADDISON ST","MILVIA ST"
6111292,"SAN PABLO AVE","BANCROFT WAY"
6111296,"FIFTH ST","CHANNING WAY"
6111304,"SACRAMENTO ST","BANCROFT WAY"
6111308,"UNIVERSITY AVE","TENTH ST"
6111319,"LE CONTE AVE","LE ROY AVE"
6111320,"CENTER ST","SHATTUCK AVE"
6111323,"VIRGINIA ST","FIFTH ST"
6111324,"EUCLID AVE","EUCLID AVE"
6111328,"GILMAN ST","SAN PABLO AVE"
6111332,"UNIVERSITY AVE","SAN PABLO AVE"
6111336,"SHATTUCK AVE","BERKELEY WAY"
6111340,"SHATTUCK AVE","OREGON ST"
6111344,"MILVIA ST","MILVIA ST"
6111351,"TELEGRAPH AVE","WOOLSEY ST"
6111356,"COLLEGE AVE","COLLEGE AVE"
6111359,"MARTIN LUTHER KING JR WAY","VIRGINIA ST"
6111360,"ADELINE ST","HARMON ST"
6111371,"CEDAR ST","EUCLID AVE"
6111378,"PARKER ST","SHATTUCK AVE"
6111391,"CHANNING WAY","COLLEGE AVE"
6111395,"ALLSTON WAY","OXFORD ST"
6111399,"CARLETON ST","SHATTUCK AVE"
6111407,"SACRAMENTO ST","ALCATRAZ AVE"
6111411,"SAN PABLO AVE","DWIGHT WAY"
6137430,"VIRGINIA ST","SEVENTH ST"
6137558,"VIRGINIA ST","EUCLID AVE"
6137562,"MARIN AVE","FRESNO ST"
6137566,"SHATTUCK AVE","PRINCE ST"
6137570,"ASHBY AVE","MABEL ST"
6137574,"CEDAR ST","CALIFORNIA ST"
6137578,"THE ALAMEDA","MONTEREY AVE"
6137590,"GILMAN ST","SAN PABLO AVE"
6140278,"HENRY ST","HEARST AVE"
6140282,"SAN PABLO AVE","BANCROFT WAY"
6140294,"MARTIN LUTHER KING JR WAY","BERKELEY WAY"
6140314,"TELEGRAPH AVE","HOWE ST"
6141201,"SAN PABLO AVE","ADDISON ST"
6141217,"HARRISON ST","SAN PABLO AVE"
6141221,"HEARST AVE","GRANT ST"
6141229,"SAN PABLO AVE","UNIVERSITY AVE"
6141233,"PARKER ST","COLLEGE AVE"
6141237,"HOPKINS ST","PERALTA AVE"
6141263,"MILVIA ST","ALLSTON WAY"
6141271,"ELLSWORTH ST","PARKER ST"
6175544,"KITTREDGE ST","HAROLD WAY"
6177522,"GRIZZLY PEAK BLVD","AVENIDA DR"
6177523,"DANA ST","CHANNING WAY"
6177531,"ADDISON ST","SAN PABLO AVE"
6177532,"UNIVERSITY AVE","CALIFORNIA ST"
6177536,"DERBY ST","WARRING ST"
6177537,"MARTIN LUTHER KING JR WAY","UNIVERSITY AVE"
6177550,"SIXTH ST","HARRISON ST"
6198673,"SUTTER ST","EL DORADO AVE"
6198674,"WARD ST","DOHR ST"
6198677,"WILDCAT CANYON RD","SPRUCE ST"
6198678,"HEARST AVE","SAN PABLO AVE"
6198679,"WILDCAT CANYON RD","SPRUCE ST"
6198681,"SHATTUCK AVE","VINE ST"
6198684,"SHATTUCK PL","SHATTUCK AVE"
6198686,"OXFORD ST","CENTER ST"
6198687,"ALCATRAZ AVE","IDAHO ST"
6198689,"PARKER ST","ETNA ST"
6202737,"CHANNING WAY","ELLSWORTH ST"
6202741,"GILMAN ST","EASTSHORE HWY"
6202777,"CLAREMONT AVE","CLAREMONT BLVD"
6216290,"WOOLSEY ST","COLLEGE AVE"
6216302,"UNIVERSITY AVE","WALNUT ST"
6216306,"ADDISON ST","MILVIA ST"
6216502,"SHATTUCK AVE","LINCOLN ST"
6216506,"TELEGRAPH AVE","WEBSTER ST"
6216510,"ADDISON ST","EIGHTH ST"
6216514,"DERBY ST","TELEGRAPH AVE"
6216518,"SAN PABLO AVE","ALLSTON WAY"
6216522,"GILMAN ST","I-80"
6216530,"HEINZ AVE","SEVENTH ST"
6216534,"HARRISON ST","SIXTH ST"
6216537,"STUART ST","ADELINE ST"
6216542,"EUCLID AVE","HILGARD AVE"
6241693,"CENTER ST","MARTIN LUTHER KING JR WAY"
6251554,"DANA ST","CHANNING WAY"
6251922,"SONOMA AVE","JOSEPHINE ST"
6251930,"GILMAN ST","EIGHTH ST"
6251931,"SHATTUCK AVE","ADDISON ST"
6251935,"GILMAN ST","EASTSHORE HWY"
6251943,"SOLANO AVE","COLUSA AVE"
6251946,"MCGEE AVE","UNIVERSITY AVE"
6251947,"HEARST AVE","BONITA AVE"
6251950,"DEAKIN ST","PRINCE ST"
6251953,"HEARST AVE","LE ROY AVE"
6251954,"TELEGRAPH AVE","PARKER ST"
6251959,"VIRGINIA ST","VIRGINIA ST"
6251962,"SHATTUCK AVE","BLAKE ST"
6251965,"OXFORD ST","HEARST AVE"
6251966,"BAY ST","POTTER ST"
6251969,"ASHBY AVE","BENVENUE AVE"
6251970,"COLLEGE AVE","PARKER ST"
6251971,"CURTIS ST","UNIVERSITY AVE"
6251973,"BANCROFT WAY","COLLEGE AVE"
6251974,"ASHBY AVE","MABEL ST"
6251977,"CHANNING WAY","DANA ST"
6251979,"DWIGHT WAY","REGENT ST"
6251981,"WOOLSEY ST","TELEGRAPH AVE"
6251983,"ASHBY AVE","KING ST"
6251989,"SIXTH ST","ALLSTON WAY"
6251991,"OXFORD ST","ALLSTON WAY"
6251993,"TUNNEL RD","THE UPLANDS"
6251995,"COLLEGE AVE","ALCATRAZ AVE"
6254029,"LA LOMA AVE","HEARST AVE"
6254041,"BOWDITCH ST","HASTE ST"
6254051,"UNIVERSITY AVE","SEVENTH ST"
6254105,"MILVIA ST","CENTER ST"
6254153,"EUCLID AVE","EUCLID AVE"
6274614,"BANCROFT WAY","BOWDITCH ST"
6274618,"STUART ST","FULTON ST"
6275541,"MARTIN LUTHER KING JR WAY","ASHBY AVE"
6275553,"ROSE ST","SACRAMENTO ST"
6279721,"CHANNING WAY","COLLEGE AVE"
6279723,"SAN PABLO AVE","HEARST AVE"
6279724,"CALIFORNIA ST","ALLSTON WAY"
6279726,"ASHBY AVE","SACRAMENTO ST"
6279727,"OXFORD ST","FRANK SCHLESSINGER WAY"
6279729,"ALCATRAZ AVE","ADELINE ST"
6279730,"ADELINE ST","ADELINE ST"
6279731,"EUCLID AVE","CRYSTAL WAY"
6279738,"SAN PABLO AVE","FRANCISCO ST"
6279739,"CHANNING WAY","SHATTUCK AVE"
6279741,"SAN PABLO AVE","ASHBY AVE"
6279742,"DELAWARE ST","FRANKLIN ST"
6279743,"BANCROFT WAY","NINTH ST"
6279746,"STUART ST","FULTON ST"
6280705,"SACRAMENTO ST","BANCROFT WAY"
6290651,"SACRAMENTO ST","BANCROFT WAY"
6291872,"EUNICE ST","SPRUCE ST"
6292119,"UNIVERSITY AVE","MCGEE AVE"
6294560,"CALIFORNIA ST","ALLSTON WAY"
6294561,"SAN PABLO AVE","BANCROFT WAY"
6294562,"FULTON ST","CARLETON ST"
6294565,"SHATTUCK AVE","HASTE ST"
6294569,"MARTIN LUTHER KING JR WAY","OREGON ST"
6294570,"THE ALAMEDA","HOPKINS ST"
6294581,"CHANNING WAY","PIEDMONT AVE"
6294593,"UNIVERSITY AVE","SHATTUCK AVE"
6294613,"ASHBY AVE","SACRAMENTO ST"
6294617,"CALIFORNIA ST","ALLSTON WAY"
6294621,"ANTHONY ST","NINTH ST"
6294629,"SHATTUCK AVE","FRANCISCO ST"
6294633,"FULTON ST","BANCROFT WAY"
6298268,"ASHBY AVE","HILLEGASS AVE"
6298300,"SHATTUCK AVE","ALLSTON WAY"
6304403,"SAN PABLO AVE","HEARST AVE"
6304407,"CENTER ST","SHATTUCK AVE"
6304783,"UNIVERSITY AVE","MILVIA ST"
6305364,"TUNNEL RD","DOMINGO AVE"
6305372,"SHATTUCK AVE","ASHBY AVE"
6305380,"HILGARD AVE","EUCLID AVE"
6305384,"SIXTH ST","DWIGHT WAY"
6305392,"CEDAR ST","JUANITA WAY"
6305396,"BANCROFT WAY","FULTON ST"
6305419,"BANCROFT WAY","DANA ST"
6305423,"EUCLID AVE","LE CONTE AVE"
6305436,"BOWDITCH ST","HASTE ST"
6305440,"ROSE ST","WALNUT ST"
6305888,"CHANNING WAY","SHATTUCK AVE"
6305892,"ADELINE ST","ESSEX ST"
6305900,"SACRAMENTO ST","ALCATRAZ AVE"
6305916,"DANA ST","DWIGHT WAY"
6305925,"FAIRVIEW ST","ADELINE ST"
6305929,"UNIVERSITY AVE","GRANT ST"
6305941,"ACTON ST","UNIVERSITY AVE"
6305945,"HARRISON ST","FIFTH ST"
6305949,"HEARST AVE","SPRUCE ST"
6305957,"SHATTUCK AVE","SHATTUCK AVE"
6305961,"SAN PABLO AVE","PAGE ST"
6306576,"CLAREMONT AVE","ASHBY AVE"
6306584,"SAN PABLO AVE","SAN PABLO AVE"
6375043,"DWIGHT WAY","MILVIA ST"
6375044,"ROSE ST","SHATTUCK AVE"
6375047,"SAN LORENZO AVE","COLUSA AVE"
6375051,"SACRAMENTO ST","VIRGINIA ST"
6375055,"MARTIN LUTHER KING JR WAY","PRINCE ST"
6375056,"HEARST AVE","SIXTH ST"
6375059,"TELEGRAPH AVE","OREGON ST"
6375063,"PIEDMONT AVE","CHANNING WAY"
6375067,"MILVIA ST","WARD ST"
6375071,"UNIVERSITY AVE","SHATTUCK AVE"
6375072,"SACRAMENTO ST","ADDISON ST"
6375075,"66TH ST","ACTON ST"
6375079,"ASHBY AVE","HILLEGASS AVE"
6375080,"SIXTH ST","PAGE ST"
6375092,"MILVIA ST","HASTE ST"
6375111,"WOOLSEY ST","REGENT ST"
6375115,"NINTH ST","JONES ST"
6375119,"KING ST","PRINCE ST"
6384214,"TENTH ST","ALLSTON WAY"
6384234,"CARLETON ST","SACRAMENTO ST"
6396251,"MILVIA ST","BANCROFT WAY"
6396252,"SAN PABLO AVE","VIRGINIA ST"
6396255,"HASTE ST","SHATTUCK AVE"
6396256,"PARKER ST","MARTIN LUTHER KING JR WAY"
6396260,"SEVENTH ST","ANTHONY ST"
6396264,"SHATTUCK AVE","HASTE ST"
6396272,"RUSSELL ST","REGENT ST"
6396276,"CAPISTRANO AVE","COLUSA AVE"
6396280,"ASHBY AVE","DEAKIN ST"
6396288,"SACRAMENTO ST","OREGON ST"
6396296,"SAN PABLO AVE","ADDISON ST"
6396319,"MARIN CIR","LOS ANGELES AVE"
6396350,"MARTIN LUTHER KING JR WAY","DERBY ST"
6396354,"EMERSON ST","SHATTUCK AVE"
6396362,"MILVIA ST","VIRGINIA ST"
6396366,"SHATTUCK AVE","EUNICE ST"
6396370,"SPRUCE ST","HEARST AVE"
6396394,"SACRAMENTO ST","RUSSELL ST"
6396398,"ASHBY AVE","MARTIN LUTHER KING JR WAY"
6429526,"HENRY ST","ROSE ST"
6429527,"UNIVERSITY AVE","UNIVERSITY AVE"
6439088,"UNIVERSITY AVE","OXFORD ST"
6442280,"SHATTUCK AVE","CEDAR ST"
6448416,"CHANNING WAY","MILVIA ST"
6450161,"PERALTA AVE","GILMAN ST"
6450165,"CENTER ST","MILVIA ST"
6450174,"CALIFORNIA ST","ALLSTON WAY"
6450181,"GRIZZLY PEAK BLVD","SPRUCE ST"
6450185,"SHATTUCK AVE","DELAWARE ST"
6450186,"CRAGMONT AVE","EUCLID AVE"
6450190,"CALIFORNIA ST","HEARST AVE"
6450197,"MILVIA ST","MILVIA ST"
6450198,"PIEDMONT AVE","DURANT AVE"
6450202,"UNIVERSITY AVE","UNIVERSITY AVE"
6450209,"SEVENTH ST","HEINZ AVE"
6450210,"CHANNING WAY","FULTON ST"
6450214,"ALLSTON WAY","MILVIA ST"
6450217,"MARTIN LUTHER KING JR WAY","ALLSTON WAY"
6450230,"STUART ST","STUART ST"
6450238,"CEDAR ST","EDITH ST"
6458115,"MARTIN LUTHER KING JR WAY","DERBY ST"
6458131,"GILMAN ST","BUCHANAN ST"
6458139,"MILVIA ST","BANCROFT WAY"
6458143,"SPRUCE ST","SAN BENITO RD"
6458147,"ADELINE ST","ALCATRAZ AVE"
6458151,"GILMAN ST","I-80"
6458155,"OREGON ST","SHATTUCK AVE"
6458938,"HEARST AVE","MCGEE AVE"
6467591,"CLAREMONT AVE","PRINCE ST"
6468722,"GILMAN ST","TENTH ST"
6468747,"PIEDMONT AVE","BANCROFT WAY"
6468769,"NINTH ST","HEINZ AVE"
6487161,"UNIVERSITY AVE","ACTON ST"
6491203,"FRANCISCO ST","MARTIN LUTHER KING JR WAY"
6491762,"UNIVERSITY AVE","SAN PABLO AVE"
6491774,"STUART ST","MILVIA ST"
6491775,"MARTIN LUTHER KING JR WAY","ASHBY AVE"
6491779,"TELEGRAPH AVE","ASHBY AVE"
6491782,"SACRAMENTO ST","CHANNING WAY"
6491783,"HEARST AVE","SHATTUCK AVE"
6491791,"WILDCAT CANYON RD","PARK HILLS RD"
6491795,"SUTTER ST","EL DORADO AVE"
6491845,"SHATTUCK AVE","CENTER ST"
6491853,"HENRY ST","BERRYMAN ST"
6491857,"SPRUCE ST","HEARST AVE"
6491865,"CEDAR ST","SHATTUCK AVE"
6491894,"DEAKIN ST","WEBSTER ST"
6491898,"VIRGINIA ST","FIFTH ST"
6491901,"MILVIA ST","STUART ST"
6491906,"SAN PABLO AVE","CHAUCER ST"
6491910,"ASHBY AVE","MARTIN LUTHER KING JR WAY"
6491914,"UNIVERSITY AVE","MILVIA ST"
6508264,"ALLSTON WAY","MILVIA ST"
6508298,"SAN PABLO AVE","FRANCISCO ST"
6508310,"DWIGHT WAY","DANA ST"
6508318,"UNIVERSITY AVE","SACRAMENTO ST"
6523655,"HASTE ST","TELEGRAPH AVE"
6523675,"KING ST","FAIRVIEW ST"
6526417,"DWIGHT WAY","COLLEGE AVE"
6526421,"COLLEGE AVE","COLLEGE AVE"
6526425,"MARTIN LUTHER KING JR WAY","ADDISON ST"
6526429,"DWIGHT WAY","MILVIA ST"
6526433,"ASHBY AVE","SAN PABLO AVE"
6526437,"BANCROFT WAY","DANA ST"
6526441,"MCGEE AVE","ADDISON ST"
6526453,"CALIFORNIA ST","ASHBY AVE"
6526457,"MILVIA ST","DWIGHT WAY"
6527041,"NINTH ST","HEINZ AVE"
6527061,"ASHBY AVE","PINE AVE"
6530425,"BERRYMAN ST","MILVIA ST"
6535843,"SHATTUCK AVE","FRANCISCO ST"
6535848,"CHESTNUT ST","VIRGINIA ST"
6535851,"ASHBY AVE","KING ST"
6535855,"MARTIN LUTHER KING JR WAY","CHANNING WAY"
6535863,"MARTIN LUTHER KING JR WAY","CHANNING WAY"
6535879,"UNIVERSITY AVE","WALNUT ST"
6535891,"WILDCAT CANYON RD","PARK HILLS RD"
6535903,"CHANNING WAY","FULTON ST"
6535915,"GILMAN ST","EASTSHORE HWY"
6539137,"COLLEGE AVE","STUART ST"
6539158,"VINE ST","MARTIN LUTHER KING JR WAY"
6539174,"PIEDMONT AVE","CHANNING WAY"
6539178,"ADDISON ST","BOLIVAR DR"
6539182,"ADELINE ST","ASHBY AVE"
6539186,"NINTH ST","CEDAR ST"
6541962,"HEARST AVE","EUCLID AVE"
6541964,"DWIGHT WAY","HILLEGASS AVE"
6541967,"DEL NORTE ST","MARIN CIR"
6541968,"SACRAMENTO ST","BANCROFT WAY"
6541970,"HEARST AVE","ARCH ST"
6541972,"SHATTUCK AVE","KITTREDGE ST"
6541974,"CENTER ST","MARTIN LUTHER KING JR WAY"
6541978,"BENVENUE AVE","PARKER ST"
6541980,"ADELINE ST","ASHBY AVE"
6541982,"TELEGRAPH AVE","ASHBY AVE"
6541986,"ACTON ST","BANCROFT WAY"
6541990,"ADELINE ST","RUSSELL ST"
6541992,"RUSSELL ST","ELLSWORTH ST"
6541994,"SAN PABLO AVE","GILMAN ST"
6541996,"DWIGHT WAY","SEVENTH ST"
6541999,"MARIN AVE","THE ALAMEDA"
6553998,"SAN PABLO AVE","ASHBY AVE"
6575648,"UNIVERSITY AVE","CURTIS ST"
6577950,"MILVIA ST","DWIGHT WAY"
6577954,"VIRGINIA ST","MARTIN LUTHER KING JR WAY"
6577958,"SACRAMENTO ST","JULIA ST"
6577962,"SAN PABLO AVE","UNIVERSITY AVE"
6577966,"SPRUCE ST","ROSE ST"
6577970,"ROSE ST","MARTIN LUTHER KING JR WAY"
6580847,"ASHBY AVE","CALIFORNIA ST"
6580851,"ADELINE ST","62ND ST"
6580855,"SACRAMENTO ST","ADDISON ST"
6582136,"UNIVERSITY AVE","GRANT ST"
6594806,"ADELINE ST","ALCATRAZ AVE"
6594818,"CEDAR ST","ACTON ST"
6594822,"VINE ST","HENRY ST"
6594826,"ADDISON ST","SECOND ST"
6594830,"ALCATRAZ AVE","COLLEGE AVE"
6594854,"OREGON ST","CALIFORNIA ST"
6594862,"RUSSELL ST","SACRAMENTO ST"
6606408,"ALCATRAZ AVE","ELLIS ST"
6606412,"DWIGHT WAY","MILVIA ST"
6606436,"EUCLID AVE","EUNICE ST"
6606440,"DWIGHT WAY","DANA ST"
6611968,"SAN PABLO AVE","CEDAR ST"
6640659,"OXFORD ST","HEARST AVE"
6640676,"SIXTH ST","BANCROFT WAY"
6640684,"SACRAMENTO ST","PRINCE ST"
6640688,"TELEGRAPH AVE","WEBSTER ST"
6640696,"OREGON ST","MILVIA ST"
6640700,"BLAKE ST","SHATTUCK AVE"
6640720,"SHATTUCK AVE","FRANCISCO ST"
6644230,"SACRAMENTO ST","UNIVERSITY AVE"
6644734,"CALIFORNIA ST","DERBY ST"
6645008,"COLLEGE AVE","DERBY ST"
6645012,"MILVIA ST","HASTE ST"
6645016,"TELEGRAPH AVE","PARKER ST"
6645020,"SACRAMENTO ST","HARMON ST"
6645024,"TELEGRAPH AVE","PARKER ST"
6676440,"HENRY ST","ROSE ST"
6682773,"UNIVERSITY AVE","FRONTAGE RD"
6682806,"BANCROFT WAY","COLLEGE AVE"
6682826,"MCGEE AVE","BERKELEY WAY"
6682834,"ASHBY AVE","MARTIN LUTHER KING JR WAY"
6682838,"SAN PABLO AVE","ALLSTON WAY"
6682846,"REGAL RD","SPRUCE ST"
6682850,"NINTH ST","VIRGINIA ST"
6682854,"PIEDMONT AVE","BANCROFT WAY"
6682855,"SHATTUCK AVE","ASHBY AVE"
6682858,"COLLEGE AVE","BANCROFT WAY"
6682859,"CEDAR ST","SECOND ST"
6682863,"BANCROFT WAY","BARROW LN"
6682867,"CHANNING WAY","COLLEGE AVE"
6682871,"CHANNING WAY","CHANNING WAY"
6682874,"TUNNEL RD","ALVARADO RD"
6682883,"SOLANO AVE","TULARE AVE"
6682888,"ADDISON ST","MARTIN LUTHER KING JR WAY"
6682891,"GILMAN ST","SECOND ST"
6682892,"ADELINE ST","FAIRVIEW ST"
6682895,"DWIGHT WAY","FULTON ST"
6682904,"ASHBY AVE","SHATTUCK AVE"
6682916,"TELEGRAPH AVE","TELEGRAPH AVE"
6682920,"MILVIA ST","CENTER ST"
6682928,"SAN PABLO AVE","COWPER ST"
6682932,"MARTIN LUTHER KING JR WAY","CENTER ST"
6682940,"DANA ST","BANCROFT WAY"
6682948,"CEDAR ST","NINTH ST"
6682952,"SPAULDING AVE","ADDISON ST"
6682956,"DWIGHT WAY","WARRING ST"
6683066,"OXFORD ST","EUNICE ST"
6734736,"UNIVERSITY AVE","GRANT ST"
6734755,"CHANNING WAY","TELEGRAPH AVE"
6734760,"ADELINE ST","FAIRVIEW ST"
6734767,"SIXTH ST","GILMAN ST"
6734768,"MILVIA ST","ALLSTON WAY"
6734775,"CALIFORNIA ST","CEDAR ST"
6734779,"CALIFORNIA ST","CALIFORNIA ST"
6734783,"ATHERTON ST","HASTE ST"
6734787,"SHATTUCK AVE","VINE ST"
6734788,"ESSEX ST","ADELINE ST"
6734791,"SAN PABLO AVE","FRANCISCO ST"
6734799,"UNIVERSITY AVE","OXFORD ST"
6745203,"SHATTUCK AVE","HASTE ST"
6745204,"MARTIN LUTHER KING JR WAY","OREGON ST"
6745205,"EMERSON ST","ADELINE ST"
6745206,"GILMAN ST","EASTSHORE HWY"
6745208,"MILVIA ST","BLAKE ST"
6745209,"WEBSTER ST","TELEGRAPH AVE"
6745211,"SACRAMENTO ST","ASHBY AVE"
6745212,"PARKER ST","MARTIN LUTHER KING JR WAY"
6745213,"ACTON ST","RUSSELL ST"
6745223,"PARK GATE","SHASTA RD"
6745224,"BANCROFT WAY","COLLEGE AVE"
6745225,"GILMAN ST","I-80"
6745230,"SHATTUCK AVE","WOOLSEY ST"
6751753,"ALLSTON WAY","SIXTH ST"
6752948,"WARD ST","TELEGRAPH AVE"
6752956,"DELAWARE ST","SACRAMENTO ST"
6752960,"VINE ST","SHATTUCK AVE"
6752961,"COLLEGE AVE","COLLEGE AVE"
6752965,"UNIVERSITY AVE","SAN PABLO AVE"
6752967,"GRIZZLY PEAK BLVD","SHASTA RD"
6752975,"HEARST AVE","CALIFORNIA ST"
6752977,"VIRGINIA ST","LA LOMA AVE"
6752981,"ASHBY AVE","MABEL ST"
6752985,"ACTON ST","DELAWARE ST"
6752987,"HEARST AVE","GRANT ST"
6755182,"COLLEGE AVE","DWIGHT WAY"
6761109,"SHATTUCK AVE","UNIVERSITY AVE"
6765614,"SEVENTH ST","HEINZ AVE"
6770471,"ROSE ST","MARTIN LUTHER KING JR WAY"
6770472,"DERBY ST","WARRING ST"
6770473,"BANCROFT WAY","MARTIN LUTHER KING JR WAY"
6772323,"SAN PABLO AVE","DELAWARE ST"
6772337,"ALCATRAZ AVE","CALIFORNIA ST"
6772345,"SHATTUCK AVE","HEARST AVE"
6774163,"UNIVERSITY AVE","TENTH ST"
6776888,"TELEGRAPH AVE","DOWLING PL"
6780443,"I-80","UNIVERSITY AVE"
6780730,"UNIVERSITY AVE","MILVIA ST"
6780750,"SAN PABLO AVE","BURNETT ST"
6780821,"CHANNING WAY","CHANNING WAY"
6788671,"HEARST AVE","LE ROY AVE"
6796776,"PARKER ST","ELLSWORTH ST"
6806030,"UNIVERSITY AVE","MILVIA ST"
6806050,"ASHBY AVE","OTIS ST"
6807767,"CENTER ST","MILVIA ST"
6807771,"MASONIC AVE","SANTA FE AVE"
6812902,"TELEGRAPH AVE","WEBSTER ST"
6812906,"ADDISON ST","MARTIN LUTHER KING JR WAY"
6812910,"UNIVERSITY AVE","SACRAMENTO ST"
6812914,"SOLANO AVE","COLUSA AVE"
6812918,"HASTE ST","SHATTUCK AVE"
6812927,"SACRAMENTO ST","ASHBY AVE"
6812935,"SACRAMENTO ST","CHANNING WAY"
6812943,"TENTH ST","CHANNING WAY"
6827476,"BANCROFT WAY","FULTON ST"
6850164,"BANCROFT WAY","DANA ST"
6850200,"HEARST AVE","MILVIA ST"
6850204,"OXFORD ST","BERKELEY WAY"
6850208,"COLLEGE AVE","WEBSTER ST"
6850212,"SPRUCE ST","EUNICE ST"
6850220,"WARD ST","CALIFORNIA ST"
6850232,"BANCROFT WAY","TELEGRAPH AVE"
6850236,"CHANNING WAY","SHATTUCK AVE"
6850240,"OREGON ST","SAN PABLO AVE"
6855220,"GRIZZLY PEAK BLVD","SHASTA RD"
6855221,"SAN PABLO AVE","CAMELIA ST"
6855224,"SAN PABLO AVE","UNIVERSITY AVE"
6855225,"SACRAMENTO ST","WOOLSEY ST"
6855226,"VICENTE RD","COLUSA AVE"
6855227,"KEITH AVE","BRET HARTE RD"
6855233,"ASHBY AVE","DEAKIN ST"
6855234,"UNIVERSITY AVE","SACRAMENTO ST"
6855235,"CHANNING WAY","MILVIA ST"
6855236,"ALCATRAZ AVE","SACRAMENTO ST"
6855238,"MILVIA ST","OREGON ST"
6855239,"FOURTH ST","VIRGINIA ST"
6855241,"CEDAR ST","SHATTUCK AVE"
6858889,"TELEGRAPH AVE","OREGON ST"
6858916,"SAN PABLO AVE","CARLETON ST"
6858940,"ADELINE ST","HARMON ST"
6872023,"TENTH ST","BANCROFT WAY"
6872163,"ASHBY AVE","HILLEGASS AVE"
6872175,"MARIN AVE","SANTA BARBARA RD"
6872191,"ARLINGTON AVE","THOUSAND OAKS BLVD"
6872215,"MILVIA ST","RUSSELL ST"
6872227,"BANCROFT WAY","SHATTUCK AVE"
6872231,"SHATTUCK AVE","FRANCISCO ST"
6877651,"ASHBY AVE","DEAKIN ST"
6877652,"UNIVERSITY AVE","FIFTH ST"
6877653,"SAN PABLO AVE","ALLSTON WAY"
6877655,"DWIGHT WAY","DANA ST"
6877659,"MARIN AVE","SPRUCE ST"
6877660,"DURANT AVE","SHATTUCK AVE"
6877661,"VIRGINIA ST","MILVIA ST"
6877663,"TELEGRAPH AVE","RUSSELL ST"
6877664,"EASTSHORE HWY","GILMAN ST"
6877665,"SHATTUCK AVE","HEARST AVE"
6877666,"CALIFORNIA ST","ALCATRAZ AVE"
6877667,"FRONTAGE RD","UNIVERSITY AVE"
6878641,"HOPKINS ST","PERALTA AVE"
6881058,"SHATTUCK AVE","WOOLSEY ST"
6882627,"UNIVERSITY AVE","MCGEE AVE"
6899648,"SACRAMENTO ST","ALLSTON WAY"
6899697,"GILMAN ST","SIXTH ST"
6899709,"SACRAMENTO ST","BLAKE ST"
6900288,"HASTE ST","SHATTUCK AVE"
6900292,"ARLINGTON AVE","THOUSAND OAKS BLVD"
6900296,"CHANNING WAY","FULTON ST"
6900300,"STUART ST","SHATTUCK AVE"
6900304,"SAN PABLO AVE","CARLETON ST"
6900308,"COLLEGE AVE","DWIGHT WAY"
6900316,"VIRGINIA ST","SAN PABLO AVE"
6900320,"HOPKINS ST","THE ALAMEDA"
6900329,"MILVIA ST","DURANT AVE"
6900338,"DELAWARE ST","ACTON ST"
6900341,"OXFORD ST","ADDISON ST"
6900349,"VIRGINIA ST","SACRAMENTO ST"
6900353,"SHATTUCK AVE","VINE ST"
6900358,"HASTE ST","BOWDITCH ST"
6900362,"BOWDITCH ST","DURANT AVE"
6968930,"TELEGRAPH AVE","ASHBY AVE"
6968935,"BANCROFT WAY","FULTON ST"
6971685,"UNIVERSITY AVE","BONAR ST"
6971689,"ASHBY AVE","SAN PABLO AVE"
6971693,"TELEGRAPH AVE","BLAKE ST"
6971697,"ASHBY AVE","ELLIS ST"
6971721,"CALIFORNIA ST","STUART ST"
6971725,"WALNUT ST","EUNICE ST"
6972323,"MATHEWS ST","DERBY ST"
6972331,"CHANNING WAY","MILVIA ST"
6972356,"CHANNING WAY","CHANNING WAY"
6972371,"OXFORD ST","CENTER ST"
6972384,"TUNNEL RD","OAK RIDGE RD"
6972388,"BANCROFT WAY","BARROW LN"
6972470,"OXFORD ST","ALLSTON WAY"
6973964,"MARTIN LUTHER KING JR WAY","CENTER ST"
6973965,"SHATTUCK AVE","KITTREDGE ST"
6973967,"MARTIN LUTHER KING JR WAY","VINE ST"
6973968,"MARIN AVE","SPRUCE ST"
6973970,"SHATTUCK AVE","STUART ST"
6973972,"TUNNEL RD","ROBLE RD"
6973974,"FULTON ST","DWIGHT WAY"
6973979,"TENTH ST","JONES ST"
6974133,"ASHBY AVE","HARPER ST"
6974138,"ELLIS ST","ASHBY AVE"
6976685,"SAN PABLO AVE","ADDISON ST"
6983306,"KITTREDGE ST","SHATTUCK AVE"
6986967,"DWIGHT WAY","MILVIA ST"
6989816,"CHANNING WAY","BOWDITCH ST"
6989820,"SECOND ST","ADDISON ST"
6995252,"COLLEGE AVE","RUSSELL ST"
6995254,"GRIZZLY PEAK BLVD","GRIZZLY PEAK BLVD"
6995255,"HEARST AVE","WEST ST"
6995256,"EUCLID AVE","HILGARD AVE"
6995257,"UNIVERSITY AVE","MILVIA ST"
6998001,"ALLSTON WAY","MCKINLEY AVE"
6998009,"SHATTUCK AVE","RUSSELL ST"
6998013,"ALLSTON WAY","GRANT ST"
6998021,"BLAKE ST","MARTIN LUTHER KING JR WAY"
6998025,"SPRUCE ST","VIRGINIA ST"
6998047,"ALLSTON WAY","ALLSTON WAY"
6998051,"CLAREMONT AVE","BROOKSIDE AVE"
7002486,"OREGON ST","SHATTUCK AVE"
7002494,"SAN PABLO AVE","HASKELL ST"
7002502,"MILVIA ST","CENTER ST"
7002506,"LA LOMA AVE","QUARRY RD"
7002514,"RUSSELL ST","FLORENCE ST"
7002963,"ADELINE ST","HARMON ST"
7002971,"MARTIN LUTHER KING JR WAY","ADELINE ST"
7002983,"ROSE ST","SHATTUCK AVE"
7002987,"SHATTUCK AVE","UNIVERSITY AVE"
7003007,"SHATTUCK AVE","BLAKE ST"
7003016,"PIEDMONT AVE","HASTE ST"
7003028,"CHANNING WAY","TELEGRAPH AVE"
7010924,"SAN PABLO AVE","HASKELL ST"
7010928,"SOLANO AVE","ORDWAY ST"
7010930,"CALIFORNIA ST","ASHBY AVE"
7010931,"BLAKE ST","MARTIN LUTHER KING JR WAY"
7010933,"SHATTUCK AVE","VINE ST"
7019560,"MILVIA ST","DWIGHT WAY"
7023675,"SHATTUCK AVE","CHANNING WAY"
7045673,"RUSSELL ST","TELEGRAPH AVE"
7045681,"COLLEGE AVE","DURANT AVE"
7045685,"BANCROFT WAY","MILVIA ST"
7045693,"HEARST AVE","GRANT ST"
7045705,"CALIFORNIA ST","ALCATRAZ AVE"
7045713,"HENRY ST","VINE ST"
7045729,"UNIVERSITY AVE","EIGHTH ST"
7045737,"ALCATRAZ AVE","ADELINE ST"
7045741,"ARLINGTON AVE","MENDOCINO AVE"
7045749,"GILMAN ST","SECOND ST"
7046663,"SAN PABLO AVE","PARDEE ST"
7049789,"TELEGRAPH AVE","PARKER ST"
7049793,"UNIVERSITY AVE","MILVIA ST"
7049796,"FOURTH ST","VIRGINIA ST"
7049798,"DANA ST","DWIGHT WAY"
7049800,"SHATTUCK AVE","WOOLSEY ST"
7059289,"GILMAN ST","FOURTH ST"
7059290,"DERBY ST","SHATTUCK AVE"
7072584,"SHATTUCK AVE","SHATTUCK AVE"
7072589,"MARTIN LUTHER KING JR WAY","RUSSELL ST"
7072590,"MILVIA ST","ALLSTON WAY"
7072591,"WOOLSEY ST","TELEGRAPH AVE"
7072592,"ASHBY AVE","SACRAMENTO ST"
7072594,"EUCLID AVE","HEARST AVE"
7079099,"DWIGHT WAY","DWIGHT WAY"
7091056,"TELEGRAPH AVE","WEBSTER ST"
7091733,"BOWDITCH ST","BANCROFT WAY"
7094652,"MARTIN LUTHER KING JR WAY","ADDISON ST"
7094656,"SAN PABLO AVE","ALLSTON WAY"
7094688,"MILVIA ST","OREGON ST"
7094696,"ASHBY AVE","MABEL ST"
7094708,"SHATTUCK AVE","CENTER ST"
7094716,"ASHBY AVE","SACRAMENTO ST"
7095251,"ASHBY AVE","MABEL ST"
7095259,"PRINCE ST","HARPER ST"
7095263,"LOS ANGELES AVE","MARIN CIR"
7095271,"SANTA BARBARA RD","SPRUCE ST"
7095276,"ALLSTON WAY","SAN PABLO AVE"
7095318,"SHATTUCK AVE","LINCOLN ST"
7095330,"ASHBY AVE","SACRAMENTO ST"
7095338,"SAN PABLO AVE","SAN PABLO AVE"
7095342,"UNIVERSITY AVE","MILVIA ST"
7095346,"FOURTH ST","FOURTH ST"
7109478,"ADELINE ST","FAIRVIEW ST"
7116116,"MARTIN LUTHER KING JR WAY","ADDISON ST"
7116326,"SHATTUCK AVE","DELAWARE ST"
7116342,"SHATTUCK AVE","CEDAR ST"
7117362,"SHATTUCK AVE","BERKELEY WAY"
7117366,"GRANT ST","STUART ST"
7117370,"TENTH ST","GILMAN ST"
7117374,"DERBY ST","CALIFORNIA ST"
7117378,"SHATTUCK AVE","DELAWARE ST"
7117387,"PROSPECT ST","CHANNING WAY"
7117399,"SAN PABLO AVE","DELAWARE ST"
7117407,"ROSE ST","SPRUCE ST"
7117411,"GILMAN ST","NEILSON ST"
7117415,"FRANKLIN ST","DELAWARE ST"
7117424,"OXFORD ST","CENTER ST"
7117428,"SACRAMENTO ST","WARD ST"
7117431,"ASHBY AVE","ASHBY AVE"
7121608,"OXFORD ST","BERKELEY WAY"
7121616,"TELEGRAPH AVE","TELEGRAPH AVE"
7121620,"DWIGHT WAY","BOWDITCH ST"
7121624,"62ND ST","ADELINE ST"
7121632,"CENTER ST","SHATTUCK AVE"
7121644,"HEINZ AVE","SEVENTH ST"
7121648,"SHATTUCK AVE","KITTREDGE ST"
7121656,"CAMPUS DR","GLENDALE AVE"
7121664,"CEDAR ST","CALIFORNIA ST"
7121668,"COLLEGE AVE","DERBY ST"
7121672,"BANCROFT WAY","TELEGRAPH AVE"
7121685,"COLLEGE AVE","COLLEGE AVE"
7141012,"ADELINE ST","ESSEX ST"
7141031,"SACRAMENTO ST","OREGON ST"
7141039,"MABEL ST","ASHBY AVE"
7141276,"ARLINGTON AVE","MARIN CIR"
7141284,"CARLETON ST","MILVIA ST"
7141288,"ASHBY AVE","MABEL ST"
7141292,"UNIVERSITY AVE","ACTON ST"
7141296,"DELAWARE ST","SHORT ST"
7141300,"SHATTUCK AVE","UNIVERSITY AVE"
7141303,"FIFTH ST","BANCROFT WAY"
7141304,"PIEDMONT AVE","BANCROFT WAY"
7141307,"SACRAMENTO ST","BANCROFT WAY"
7141308,"DURANT AVE","BOWDITCH ST"
7141311,"ADELINE ST","OREGON ST"
7141315,"EIGHTH ST","GILMAN ST"
7141320,"HEARST AVE","SAN PABLO AVE"
7141323,"MARIN CIR","MARIN AVE"
7141327,"UNIVERSITY AVE","BONITA AVE"
7141336,"FULTON ST","HASTE ST"
7141340,"MILVIA ST","OREGON ST"
7141343,"SHATTUCK AVE","ALLSTON WAY"
7141344,"ADELINE ST","RUSSELL ST"
7141347,"MILVIA ST","HASTE ST"
7141348,"HEARST AVE","SPRUCE ST"
7141351,"FULTON ST","DURANT AVE"
7141355,"ALLSTON WAY","MILVIA ST"
7141356,"STUART ST","TELEGRAPH AVE"
7141360,"COLUSA AVE","THOUSAND OAKS BLVD"
7141363,"SEVENTH ST","CARLETON ST"
7141367,"CENTER ST","SHATTUCK AVE"
7141371,"CHANNING WAY","TELEGRAPH AVE"
7141375,"MILVIA ST","HASTE ST"
7141379,"ROSE ST","JOSEPHINE ST"
7141383,"GILMAN ST","FIFTH ST"
7141391,"HEARST AVE","LA LOMA AVE"
7141403,"DURANT AVE","DURANT AVE"
7141407,"LE ROY AVE","ROSE ST"
7141411,"BOWDITCH ST","CHANNING WAY"
7141419,"DWIGHT WAY","COLLEGE AVE"
7141423,"BANCROFT WAY","ELLSWORTH ST"
7146025,"ASHBY AVE","COLLEGE AVE"
7146298,"UNIVERSITY AVE","SAN PABLO AVE"
7146306,"SHATTUCK AVE","ASHBY AVE"
7146310,"UNIVERSITY AVE","ACTON ST"
7146321,"CALIFORNIA ST","ASHBY AVE"
7146329,"POTTER ST","NINTH ST"
7146330,"ASHBY AVE","SAN PABLO AVE"
7146334,"CEDAR ST","SHATTUCK AVE"
7146337,"MARTIN LUTHER KING JR WAY","PRINCE ST"
7146338,"FOURTH ST","VIRGINIA ST"
7146341,"FIFTH ST","ALLSTON WAY"
7146342,"SIXTH ST","ALLSTON WAY"
7146346,"WHEELER ST","ASHBY AVE"
7146350,"SHATTUCK AVE","BERKELEY WAY"
7146353,"ADELINE ST","HARMON ST"
7146354,"PIEDMONT AVE","DURANT AVE"
7146357,"ASHBY AVE","SHATTUCK AVE"
7146365,"MARTIN LUTHER KING JR WAY","ASHBY AVE"
7146370,"MCGEE AVE","PARKER ST"
7146381,"ALCATRAZ AVE","DOVER ST"
7146385,"TENTH ST","UNIVERSITY AVE"
7146389,"VIRGINIA ST","LE ROY AVE"
7146561,"HEARST AVE","OXFORD ST"
7146931,"POTTER ST","NINTH ST"
7146939,"SHATTUCK AVE","DWIGHT WAY"
7147035,"MARTIN LUTHER KING JR WAY","ADELINE ST"
7180217,"CALIFORNIA ST","DWIGHT WAY"
7180229,"BERRYMAN ST","HENRY ST"
7181610,"UNIVERSITY AVE","SEVENTH ST"
7181614,"EUCLID AVE","HAWTHORNE TER"
7181620,"CARLETON ST","SHATTUCK AVE"
7181621,"DERBY ST","GRANT ST"
7181629,"DOMINGO AVE","ASHBY AVE"
7181630,"HOPKINS ST","PERALTA AVE"
7181633,"STUART ST","ELLSWORTH ST"
7181634,"COLLEGE AVE","ASHBY AVE"
7181638,"TELEGRAPH AVE","PARKER ST"
7181641,"SHATTUCK AVE","RUSSELL ST"
7181649,"MARTIN LUTHER KING JR WAY","ADDISON ST"
7181652,"STUART ST","COLLEGE AVE"
7181654,"HEARST AVE","LE ROY AVE"
7181658,"BANCROFT WAY","TELEGRAPH AVE"
7181661,"MONTEREY AVE","MARIN AVE"
7181668,"SAN PABLO AVE","UNIVERSITY AVE"
7181670,"ADDISON ST","MILVIA ST"
7181674,"CARLETON ST","MARTIN LUTHER KING JR WAY"
7181687,"MARTIN LUTHER KING JR WAY","OREGON ST"
7192010,"SEVENTH ST","HEINZ AVE"
7192145,"BANCROFT WAY","COLLEGE AVE"
7200177,"SACRAMENTO ST","ADA ST"
8001304,"SEVENTH ST","SEVENTH ST"
8001684,"UNIVERSITY AVE","GRANT ST"
8001707,"MILVIA ST","STUART ST"
8001711,"HEARST AVE","SHATTUCK AVE"
8001715,"MARTIN LUTHER KING JR WAY","DERBY ST"
8001719,"VIRGINIA ST","MILVIA ST"
8001727,"CALIFORNIA ST","STUART ST"
8001731,"LE ROY AVE","RIDGE RD"
8001735,"PIEDMONT AVE","BANCROFT WAY"
8001739,"MILVIA ST","CENTER ST"
8001743,"MARIN AVE","OXFORD ST"
8001747,"SAN PABLO AVE","FRANCISCO ST"
8004567,"CHANNING WAY","ROOSEVELT AVE"
8007260,"CHANNING WAY","COLLEGE AVE"
8008706,"OXFORD ST","ADDISON ST"
8009066,"SPRUCE ST","GLEN AVE"
8009074,"MARTIN LUTHER KING JR WAY","HEARST AVE"
8009082,"SHATTUCK AVE","BLAKE ST"
8009090,"DURANT AVE","DANA ST"
8009094,"ADELINE ST","WOOLSEY ST"
8009102,"PERALTA AVE","GILMAN ST"
8009385,"MARTIN LUTHER KING JR WAY","OREGON ST"
8009401,"MILVIA ST","CEDAR ST"
8009405,"SHATTUCK AVE","KITTREDGE ST"
8010457,"CEDAR ST","SHATTUCK AVE"
8010461,"SCENIC AVE","VIRGINIA ST"
8010480,"SAN PABLO AVE","ADDISON ST"
8010529,"SHATTUCK AVE","ESSEX ST"
8010541,"UNIVERSITY AVE","GRANT ST"
8012242,"FULTON ST","BANCROFT WAY"
8012246,"SPRUCE ST","VINE ST"
8012262,"SAN PABLO AVE","VIRGINIA ST"
8012266,"CENTER ST","MARTIN LUTHER KING JR WAY"
8012282,"PARKER ST","FULTON ST"
8012286,"MILVIA ST","CHANNING WAY"
8012291,"CEDAR ST","ARCH ST"
8012298,"DURANT AVE","DURANT AVE"
8012306,"ASHBY AVE","SHATTUCK AVE"
8012318,"SOLANO AVE","PERALTA AVE"
8036886,"UNIVERSITY AVE","UNIVERSITY AVE"
8036894,"SACRAMENTO ST","PRINCE ST"
8036906,"CLAREMONT AVE","CLAREMONT CRESCENT"
8036910,"KAINS AVE","GILMAN ST"
8036922,"CORNELL AVE","HOPKINS ST"
8036930,"CALIFORNIA ST","ALLSTON WAY"
8036942,"ADELINE ST","ESSEX ST"
8036946,"MARTIN LUTHER KING JR WAY","BERRYMAN ST"
8036950,"CEDAR ST","ARCH ST"
8036957,"OXFORD ST","BERKELEY WAY"
8036975,"OREGON ST","SAN PABLO AVE"
8036987,"CHANNING WAY","SAN PABLO AVE"
8037008,"BLAKE ST","BLAKE ST"
8037012,"ACTON ST","UNIVERSITY AVE"
8037020,"VIRGINIA ST","EIGHTH ST"
8037026,"SAN PABLO AVE","HEINZ AVE"
8037030,"EUCLID AVE","CRYSTAL WAY"
8037034,"SACRAMENTO ST","WARD ST"
8037036,"DERBY ST","SHATTUCK AVE"
8037038,"TELEGRAPH AVE","PARKER ST"
8037040,"ELLSWORTH ST","DURANT AVE"
8037281,"ASHBY AVE","ACTON ST"
8037314,"ASHBY AVE","MARTIN LUTHER KING JR WAY"
8037513,"UNIVERSITY AVE","CHESTNUT ST"
8050028,"CEDAR ST","CALIFORNIA ST"
8050031,"CHANNING WAY","DANA ST"
8050036,"SACRAMENTO ST","ASHBY AVE"
8050040,"COLLEGE AVE","BANCROFT WAY"
8050043,"HOPKINS ST","CARLOTTA AVE"
8050044,"SIXTH ST","UNIVERSITY AVE"
8050047,"CHANNING WAY","COLLEGE AVE"
8050049,"CHANNING WAY","BYRON ST"
8050050,"RUSSELL ST","FLORENCE ST"
8050052,"SACRAMENTO ST","DELAWARE ST"
8050056,"UNIVERSITY AVE","OXFORD ST"
8050057,"TYLER ST","CALIFORNIA ST"
8050060,"ASHBY AVE","ADELINE ST"
8054893,"MARIN AVE","SPRUCE ST"
8060762,"ASHBY AVE","SACRAMENTO ST"
8060780,"HILLEGASS AVE","STUART ST"
8062968,"ADDISON ST","TENTH ST"
8062976,"UNIVERSITY AVE","OXFORD ST"
8062980,"OXFORD ST","VINE ST"
8062988,"BANCROFT WAY","FULTON ST"
8062996,"BANCROFT WAY","COLLEGE AVE"
8063004,"SOLANO AVE","COLUSA AVE"
8063011,"CURTIS ST","GILMAN ST"
8063012,"DELAWARE ST","GRANT ST"
8063015,"VIRGINIA ST","MARTIN LUTHER KING JR WAY"
8063016,"TELEGRAPH AVE","DOWLING PL"
8063176,"HEARST AVE","WALNUT ST"
8071561,"SAN PABLO AVE","VIRGINIA ST"
8071563,"GILMAN ST","NORTHSIDE AVE"
8071566,"SAN PABLO AVE","UNIVERSITY AVE"
8071628,"ADELINE ST","ALCATRAZ AVE"
8073655,"SACRAMENTO ST","UNIVERSITY AVE"
8073768,"SACRAMENTO ST","OREGON ST"
8073813,"ASHBY AVE","ASHBY AVE"
8073823,"EUCLID AVE","OAK ST"
8073835,"OXFORD ST","CENTER ST"
8073839,"ALCATRAZ AVE","COLLEGE AVE"
8074786,"CHANNING WAY","SHATTUCK AVE"
8074789,"ALLSTON WAY","SAN PABLO AVE"
8074791,"VIRGINIA ST","SIXTH ST"
8074792,"MILVIA ST","CEDAR ST"
8074796,"HASTE ST","COLLEGE AVE"
8083268,"EUCLID AVE","KEITH AVE"
8088441,"BANCROFT WAY","CURTIS ST"
8091524,"GILMAN ST","TENTH ST"
8091528,"MILVIA ST","UNIVERSITY AVE"
8091536,"SHATTUCK AVE","BERKELEY WAY"
8091540,"HOPKINS ST","CEDAR ST"
8091542,"ALCATRAZ AVE","SACRAMENTO ST"
8091543,"UNIVERSITY AVE","MILVIA ST"
8091547,"RUSSELL ST","COLLEGE AVE"
8091550,"ASHBY AVE","SACRAMENTO ST"
8091552,"DANA ST","DURANT AVE"
8091554,"GILMAN ST","SANTA FE AVE"
8091555,"MARTIN LUTHER KING JR WAY","CARLETON ST"
8091563,"GILMAN ST","FRONTAGE RD"
8091566,"OXFORD ST","ROSE ST"
8091570,"MARTIN LUTHER KING JR WAY","CHANNING WAY"
8091571,"BOLIVAR DR","ADDISON ST"
8091575,"SPRUCE ST","SUMMER ST"
8091578,"SHATTUCK AVE","WOOLSEY ST"
8091579,"TELEGRAPH AVE","CHANNING WAY"
8091582,"ALCATRAZ AVE","ADELINE ST"
8091586,"HEARST AVE","LE ROY AVE"
8091590,"CEDAR ST","JUANITA WAY"
8091595,"VIRGINIA ST","TENTH ST"
8091803,"TELEGRAPH AVE","CARLETON ST"
8091807,"BANCROFT WAY","BOWDITCH ST"
8091811,"CALIFORNIA ST","ADA ST"
8091815,"ASHBY AVE","MABEL ST"
8091823,"UNIVERSITY AVE","JEFFERSON AVE"
8103374,"BANCROFT WAY","MILVIA ST"
8103844,"SACRAMENTO ST","UNIVERSITY AVE"
8103848,"GILMAN ST","ACTON ST"
8103852,"PIEDMONT AVE","CHANNING WAY"
8103856,"SHATTUCK AVE","CHANNING WAY"
8103860,"MARTIN LUTHER KING JR WAY","BERKELEY WAY"
8103872,"MILVIA ST","DWIGHT WAY"
8103876,"SPRUCE ST","EUNICE ST"
8112809,"DELAWARE ST","NINTH ST"
8112836,"BANCROFT WAY","MILVIA ST"
8112858,"ASHBY AVE","PINE AVE"
8112876,"ALCATRAZ AVE","SACRAMENTO ST"
8112885,"KITTREDGE ST","HAROLD WAY"
8112889,"WOOLSEY ST","DEAKIN ST"
8112893,"MARTIN LUTHER KING JR WAY","CENTER ST"
8112901,"DELAWARE ST","SAN PABLO AVE"
8112905,"SOLANO AVE","THE ALAMEDA"
8112909,"PARK ST","OREGON ST"
8112921,"UNIVERSITY AVE","MILVIA ST"
8112929,"RIDGE RD","EUCLID AVE"
8112934,"DELAWARE ST","SACRAMENTO ST"
8112937,"CARLETON ST","SAN PABLO AVE"
8112938,"ADELINE ST","MARTIN LUTHER KING JR WAY"
8112941,"BLAKE ST","BLAKE ST"
8112950,"RUSSELL ST","ADELINE ST"
8112953,"SHATTUCK AVE","ASHBY AVE"
8112957,"OXFORD LN","OXFORD ST"
8112972,"TELEGRAPH AVE","STUART ST"
8126731,"ROSE ST","MARTIN LUTHER KING JR WAY"
8131800,"ASHBY AVE","MABEL ST"
8143297,"SAN PABLO AVE","CEDAR ST"
8162389,"HEARST AVE","SIXTH ST"
8162393,"UNIVERSITY AVE","SIXTH ST"
8162494,"PIEDMONT AVE","DWIGHT WAY"
8162498,"CALIFORNIA ST","OREGON ST"
8163305,"UNIVERSITY AVE","MARTIN LUTHER KING JR WAY"
8163317,"MONTEREY AVE","SONOMA AVE"
8163321,"SHATTUCK AVE","CENTER ST"
8163329,"TENTH ST","CEDAR ST"
8163333,"MARTIN LUTHER KING JR WAY","ASHBY AVE"
8163337,"DERBY ST","DANA ST"
8163341,"DURANT AVE","BOWDITCH ST"
8163345,"STUART ST","TELEGRAPH AVE"
8163766,"SHATTUCK AVE","SHATTUCK AVE"
8163770,"SAN PABLO AVE","ASHBY AVE"
8163831,"SPRUCE ST","HEARST AVE"
8163835,"DURANT AVE","MILVIA ST"
8167848,"SAN PABLO AVE","PARKER ST"
8168276,"SHATTUCK AVE","BERKELEY WAY"
8168962,"SHATTUCK AVE","UNIVERSITY AVE"
8168970,"DERBY ST","TELEGRAPH AVE"
8168978,"UNIVERSITY AVE","SHATTUCK AVE"
8169007,"DANA ST","DWIGHT WAY"
8169025,"HOPKINS ST","NAPA AVE"
8169029,"OXFORD ST","ALLSTON WAY"
8173111,"ASHBY AVE","ASHBY PL"
8195408,"MARTIN LUTHER KING JR WAY","RUSSELL ST"
8195412,"NINTH ST","DWIGHT WAY"
8195416,"BLAKE ST","MARTIN LUTHER KING JR WAY"
8195420,"ADDISON ST","OXFORD ST"
8195424,"SHATTUCK AVE","STUART ST"
8195428,"UNIVERSITY AVE","MCGEE AVE"
8205215,"ALLSTON WAY","SHATTUCK AVE"
8205227,"VIRGINIA ST","EUCLID AVE"
8205235,"GILMAN ST","EVELYN AVE"
8205239,"UNIVERSITY AVE","MILVIA ST"
8205243,"ALLSTON WAY","SACRAMENTO ST"
8205250,"BANCROFT WAY","TELEGRAPH AVE"
8205262,"OXFORD ST","ADDISON ST"
8205266,"BANCROFT WAY","BOWDITCH ST"
8205274,"DANA ST","HASTE ST"
8205278,"MILVIA ST","CENTER ST"
8206756,"SHATTUCK AVE","STUART ST"
8281203,"TELEGRAPH AVE","HASTE ST"
8281223,"SAN PABLO AVE","GILMAN ST"
8282088,"ADELINE ST","62ND ST"
8282096,"BANCROFT WAY","MARTIN LUTHER KING JR WAY"
8282100,"ROSE ST","SACRAMENTO ST"
8282119,"UNIVERSITY AVE","MILVIA ST"
8282120,"UNIVERSITY AVE","CURTIS ST"
8282143,"SACRAMENTO ST","ALCATRAZ AVE"
8282147,"MARTIN LUTHER KING JR WAY","ADDISON ST"
8282151,"WARD ST","CALIFORNIA ST"
8282159,"SACRAMENTO ST","DERBY ST"
8282193,"UNIVERSITY AVE","GRANT ST"
8292887,"CHANNING WAY","MILVIA ST"
8292907,"SACRAMENTO ST","66TH ST"
8292923,"ADELINE ST","STUART ST"
8292991,"BOLIVAR DR","ADDISON ST"
8292995,"HASTE ST","PIEDMONT AVE"
8293007,"SHATTUCK AVE","FRANCISCO ST"
8293011,"SACRAMENTO ST","RUSSELL ST"
8293015,"MONTEREY AVE","POSEN AVE"
8293021,"MATHEWS ST","BLAKE ST"
8293023,"SACRAMENTO ST","OREGON ST"
8293025,"HEARST AVE","NINTH ST"
8293030,"CEDAR ST","FOURTH ST"
8293031,"DERBY ST","MARTIN LUTHER KING JR WAY"
8293035,"MARIN AVE","COLUSA AVE"
8293038,"RUSSELL ST","LORINA ST"
8293070,"ACTON ST","ASHBY AVE"
8293700,"ASHBY AVE","KING ST"
8293704,"HEARST AVE","EUCLID AVE"
8293712,"HEARST AVE","SHATTUCK AVE"
8293724,"ASHBY AVE","MABEL ST"
8293728,"ASHBY AVE","MARTIN LUTHER KING JR WAY"
8308096,"EUCLID AVE","MARIN AVE"
8308099,"ADDISON ST","MARTIN LUTHER KING JR WAY"
8308100,"ALCATRAZ AVE","KING ST"
8308103,"NINTH ST","ADDISON ST"
8308111,"HEINZ AVE","HEINZ AVE"
8308115,"TELEGRAPH AVE","DURANT AVE"
8308123,"SHATTUCK AVE","LINCOLN ST"
8315578,"RUSSELL ST","SHATTUCK AVE"
8319210,"ADDISON ST","GRANT ST"
8319261,"SAN PABLO AVE","BLAKE ST"
8319922,"TELEGRAPH AVE","WEBSTER ST"
8319923,"CENTER ST","SHATTUCK AVE"
8319926,"SACRAMENTO ST","ALCATRAZ AVE"
8319927,"PROSPECT ST","CHANNING WAY"
8319930,"BLAKE ST","TELEGRAPH AVE"
8319934,"LE ROY AVE","HEARST AVE"
8319938,"SHATTUCK AVE","OREGON ST"
8319943,"GILMAN ST","I-80"
8319946,"DELAWARE ST","NINTH ST"
8319950,"SACRAMENTO ST","VIRGINIA ST"
8319954,"BERKELEY SQ","MARTIN LUTHER KING JR WAY"
8319965,"MARTIN LUTHER KING JR WAY","ROSE ST"
8319966,"SIXTH ST","CHANNING WAY"
8319970,"MARIN AVE","COLUSA AVE"
8319974,"EASTSHORE HWY","GILMAN ST"
8319978,"SOLANO AVE","THE ALAMEDA"
8319981,"SACRAMENTO ST","ROSE ST"
8319982,"GRAYSON ST","SEVENTH ST"
8319989,"FOURTH ST","ADDISON ST"
8319990,"SHATTUCK AVE","KITTREDGE ST"
8331884,"TELEGRAPH AVE","WEBSTER ST"
8331888,"CLAREMONT AVE","ETNA ST"
8332239,"UNIVERSITY AVE","MARTIN LUTHER KING JR WAY"
8332329,"GILMAN ST","PERALTA AVE"
8332334,"MARTIN LUTHER KING JR WAY","DWIGHT WAY"
8332349,"ADELINE ST","62ND ST"
8332353,"HEARST AVE","OXFORD ST"
8332365,"HARMON ST","ELLIS ST"
8332375,"BANCROFT WAY","SHATTUCK AVE"
8332397,"PIEDMONT AVE","HASTE ST"
8334738,"FOURTH ST","ADDISON ST"
8334742,"SIXTH ST","BANCROFT WAY"
8334942,"DURANT AVE","FULTON ST"
8339189,"PARKER ST","SAN PABLO AVE"
8361763,"HEINZ AVE","SAN PABLO AVE"
8361907,"TELEGRAPH AVE","DURANT AVE"
8361985,"SAN PABLO AVE","JONES ST"
8362181,"DWIGHT WAY","CALIFORNIA ST"
8362185,"DURANT AVE","PIEDMONT AVE"
8362193,"HOPKINS ST","SACRAMENTO ST"
8362197,"SHATTUCK AVE","ASHBY AVE"
8362237,"TELEGRAPH AVE","PARKER ST"
8371047,"TUNNEL RD","OAK RIDGE RD"
8371118,"ASHBY AVE","COLLEGE AVE"
8374825,"EIGHTH ST","GILMAN ST"
8374940,"UNIVERSITY AVE","BONITA ST"
8375488,"SACRAMENTO ST","UNIVERSITY AVE"
8375492,"SACRAMENTO ST","DELAWARE ST"
8375504,"ELLSWORTH ST","BANCROFT WAY"
8375520,"BLAKE ST","MCGEE AVE"
8375521,"ADDISON ST","MCGEE AVE"
8375525,"FOURTH ST","BANCROFT WAY"
8375570,"HOPKINS ST","BEVERLY PL"
8375590,"OXFORD ST","FRANK SCHLESSINGER WAY"
8375594,"RUSSELL ST","CALIFORNIA ST"
8375662,"DWIGHT WAY","DANA ST"
8375697,"MILVIA ST","BANCROFT WAY"
8375728,"COLLEGE AVE","COLLEGE AVE"
8375748,"ADELINE ST","MARTIN LUTHER KING JR WAY"
8375760,"CHANNING WAY","FULTON ST"
8376082,"SACRAMENTO ST","PARKER ST"
8377681,"TELEGRAPH AVE","PRINCE ST"
8377685,"WARRING ST","DWIGHT WAY"
8377689,"JOSEPHINE ST","HOPKINS ST"
8377697,"STUART ST","ADELINE ST"
8378990,"SHATTUCK AVE","ADDISON ST"
8378992,"SAN PABLO AVE","OREGON ST"
8379167,"SHATTUCK AVE","ADDISON ST"
8379907,"CEDAR ST","JUANITA WAY"
8383833,"DWIGHT WAY","SEVENTH ST"
8386323,"SAN PABLO AVE","UNIVERSITY AVE"
8386354,"SAN PABLO AVE","DWIGHT WAY"
8386394,"ASHBY AVE","BENVENUE AVE"
8387239,"ASHBY AVE","SAN PABLO AVE"
8387270,"SAN PABLO AVE","PARDEE ST"
8387271,"ASHBY AVE","PINE AVE"
8387274,"ASHBY AVE","MABEL ST"
8387275,"COLLEGE AVE","ASHBY AVE"
8387279,"HEARST AVE","SAN PABLO AVE"
8387606,"COLLEGE AVE","DWIGHT WAY"
8387614,"SEVENTH ST","DWIGHT WAY"
8387619,"SHATTUCK AVE","CHANNING WAY"
8387622,"MARTIN LUTHER KING JR WAY","UNIVERSITY AVE"
8387623,"FULTON ST","PARKER ST"
8387627,"MARTIN LUTHER KING JR WAY","CARLETON ST"
8387630,"WILDCAT CANYON RD","WILDCAT CANYON RD"
8387634,"DELAWARE ST","MARTIN LUTHER KING JR WAY"
8387635,"FOURTH ST","VIRGINIA ST"
8387643,"COLLEGE AVE","CHANNING WAY"
8387654,"MARIN AVE","EUCLID AVE"
8387658,"CEDAR ST","JUANITA WAY"
8387706,"SACRAMENTO ST","FAIRVIEW ST"
8395096,"ADDISON ST","MILVIA ST"
8398086,"TELEGRAPH AVE","OREGON ST"
8398090,"HEARST AVE","ACTON ST"
8398137,"BANCROFT WAY","COLLEGE AVE"
8398141,"MCGEE AVE","DERBY ST"
8398145,"TELEGRAPH AVE","DURANT AVE"
8398149,"ALLSTON WAY","SAN PABLO AVE"
8398153,"UNIVERSITY AVE","GRANT ST"
8398205,"DURANT AVE","DURANT AVE"
8398213,"SHATTUCK AVE","BERKELEY WAY"
8398221,"ALLSTON WAY","HAROLD WAY"
8398225,"DWIGHT WAY","CALIFORNIA ST"
8398233,"CHANNING WAY","DANA ST"
8399235,"TELEGRAPH AVE","OREGON ST"
8412829,"GILMAN ST","SIXTH ST"
8446807,"RUSSELL ST","MCGEE AVE"
8446881,"DURANT AVE","DANA ST"
8446889,"UNIVERSITY AVE","SHATTUCK AVE"
8446893,"ASHBY AVE","SHATTUCK AVE"
8446897,"EUCLID AVE","VIRGINIA ST"
8446899,"HOPKINS ST","MONTEREY AVE"
8446923,"VINE ST","ARCH ST"
8446927,"SHATTUCK AVE","CENTER ST"
8446931,"TELEGRAPH AVE","HASTE ST"
8446945,"HEARST AVE","SPRUCE ST"
8446961,"ASHBY AVE","SAN PABLO AVE"
8446963,"FOURTH ST","FOURTH ST"
8446964,"NINTH ST","UNIVERSITY AVE"
8446984,"ADELINE ST","WOOLSEY ST"
8446987,"TELEGRAPH AVE","DWIGHT WAY"
8446991,"SACRAMENTO ST","VIRGINIA ST"
8446996,"SOLANO AVE","VENTURA AVE"
8447011,"BONITA AVE","CEDAR ST"
8447020,"TELEGRAPH AVE","OREGON ST"
8447022,"COLUSA AVE","CAPISTRANO AVE"
8447026,"COLLEGE AVE","WEBSTER ST"
8447031,"CALIFORNIA ST","ALCATRAZ AVE"
8447034,"SHATTUCK AVE","BLAKE ST"
8447035,"DWIGHT WAY","ELLSWORTH ST"
8447039,"VIRGINIA ST","FRONTAGE RD"
8451858,"UNIVERSITY AVE","MILVIA ST"
8452276,"ADDISON ST","SAN PABLO AVE"
8452292,"ASHBY AVE","HILLEGASS AVE"
8469387,"SAN PABLO AVE","SAN PABLO AVE"
8469404,"MARTIN LUTHER KING JR WAY","ALLSTON WAY"
8469415,"UNIVERSITY AVE","CALIFORNIA ST"
8469416,"WALNUT ST","HEARST AVE"
8469548,"ASHBY AVE","ADELINE ST"
8469562,"REGENT ST","ASHBY AVE"
8473407,"SHATTUCK AVE","CHANNING WAY"
8473411,"BANCROFT WAY","BOWDITCH ST"
8473415,"TELEGRAPH AVE","CHANNING WAY"
8473419,"COLLEGE AVE","ASHBY AVE"
8473435,"MILVIA ST","CARLETON ST"
8475226,"ADDISON ST","BOLIVAR DR"
8475230,"UNIVERSITY AVE","BONITA ST"
8475649,"SIXTH ST","DELAWARE ST"
8475653,"SACRAMENTO ST","VIRGINIA ST"
8477922,"CHANNING WAY","MARTIN LUTHER KING JR WAY"
8477926,"MARTIN LUTHER KING JR WAY","BERKELEY WAY"
8477934,"UNIVERSITY AVE","SAN PABLO AVE"
8477942,"POSEN AVE","MONTEREY AVE"
8477950,"UNIVERSITY AVE","FIFTH ST"
8477970,"EUCLID AVE","CRYSTAL WAY"
8477974,"MARTIN LUTHER KING JR WAY","ADDISON ST"
8477999,"BANCROFT WAY","FULTON ST"
8482016,"ALCATRAZ AVE","CALIFORNIA ST"
8482178,"SAN PABLO AVE","UNIVERSITY AVE"
8482231,"FRONTAGE","UNIVERSITY AVE"
8482567,"PERALTA AVE","HOPKINS ST"
8482571,"COLLEGE AVE","ASHBY AVE"
8482579,"NINTH ST","DELAWARE ST"
8482583,"DURANT AVE","FULTON ST"
8482587,"ADELINE ST","WOOLSEY ST"
8482591,"ASHBY AVE","CALIFORNIA ST"
8482595,"NINTH ST","HEARST AVE"
8482611,"SACRAMENTO ST","FAIRVIEW ST"
8482615,"SHATTUCK AVE","KITTREDGE ST"
8482619,"BOWDITCH ST","DURANT AVE"
8482622,"VIRGINIA ST","SACRAMENTO ST"
8482623,"BROWNING ST","CHANNING WAY"
8482627,"SHATTUCK AVE","RUSSELL ST"
8482631,"CHANNING WAY","MARTIN LUTHER KING JR WAY"
8482635,"ALLSTON WAY","MILVIA ST"
8482650,"BANCROFT WAY","TELEGRAPH AVE"
8486174,"TUNNEL RD","CLAREMONT AVE"
8487147,"VIRGINIA ST","NINTH ST"
8487155,"PARKER ST","COLLEGE AVE"
8487163,"ASHBY AVE","HILLEGASS AVE"
8487171,"CHANNING WAY","MILVIA ST"
8487175,"ARLINGTON AVE","THOUSAND OAKS BLVD"
8494090,"TELEGRAPH AVE","PRINCE ST"
8496950,"SHATTUCK AVE","DURANT AVE"
8497298,"BANCROFT WAY","ELLSWORTH ST"
8501081,"DWIGHT WAY","CALIFORNIA ST"
8501109,"SAN PABLO AVE","SAN PABLO AVE"
8501209,"CURTIS ST","CEDAR ST"
8501213,"SACRAMENTO ST","OREGON ST"
8501221,"MABEL ST","RUSSELL ST"
8501225,"MARTIN LUTHER KING JR WAY","RUSSELL ST"
8501229,"CEDAR ST","CORNELL AVE"
8501233,"SHATTUCK AVE","ADDISON ST"
8501237,"MARTIN LUTHER KING JR WAY","DELAWARE ST"
8501241,"MILVIA ST","ADDISON ST"
8501250,"WALNUT ST","ROSE ST"
8501254,"DURANT AVE","TELEGRAPH AVE"
8501261,"WOOLSEY ST","ETON AVE"
8501262,"COLLEGE AVE","ASHBY AVE"
8501265,"SHATTUCK AVE","VIRGINIA ST"
8501266,"CHANNING WAY","MCKINLEY AVE"
8501269,"CHANNING WAY","COLLEGE AVE"
8501270,"DURANT AVE","MILVIA ST"
8501278,"ALCATRAZ AVE","KING ST"
8501410,"CEDAR ST","SCENIC AVE"
8501430,"TENTH ST","GILMAN ST"
8502804,"OXFORD ST","VIRGINIA ST"
8502808,"GILMAN ST","SAN PABLO AVE"
8502824,"ASHBY AVE","HARMON ST"
8504280,"TUNNEL RD","ALVARADO RD"
8506742,"ASHBY AVE","MABEL ST"
8506754,"DELAWARE ST","SAN PABLO AVE"
8506758,"SAN PABLO AVE","HEARST AVE"
8506766,"FULTON ST","ASHBY AVE"
8513132,"HEARST AVE","ACTON ST"
8513390,"UNIVERSITY AVE","MARTIN LUTHER KING JR WAY"
8513434,"PIEDMONT AVE","HASTE ST"
8535171,"ADELINE ST","WOOLSEY ST"
8535601,"WARD ST","CALIFORNIA ST"
8535613,"PARKER ST","TELEGRAPH AVE"
8535617,"ADELINE ST","ASHBY AVE"
8535625,"JOSEPHINE ST","CEDAR ST"
8535633,"CHANNING WAY","CHANNING WAY"
8535641,"SIXTH ST","HEARST AVE"
8535649,"UNIVERSITY AVE","CALIFORNIA ST"
8535657,"DURANT AVE","BOWDITCH ST"
8535661,"CHESTNUT ST","BERKELEY SQ"
8535665,"VIRGINIA ST","EIGHTH ST"
8538881,"DANA ST","HASTE ST"
8538885,"WEST ST","DELAWARE ST"
8538889,"SEVENTH ST","DWIGHT WAY"
8538893,"THE ALAMEDA","SAN LORENZO AVE"
8538897,"CEDAR ST","JUANITA WAY"
8538905,"BANCROFT WAY","ELLSWORTH ST"
8538909,"STUART ST","SHATTUCK AVE"
8539464,"ADELINE ST","HARMON ST"
8539515,"UNIVERSITY AVE","UNIVERSITY AVE"
8539687,"SHATTUCK AVE","BANCROFT WAY"
8539691,"UNIVERSITY AVE","MARTIN LUTHER KING JR WAY"
8539699,"SEVENTH ST","POTTER ST"
8540922,"MILVIA ST","ADDISON ST"
8542784,"FOURTH ST","HEARST AVE"
8543059,"DWIGHT WAY","GRANT ST"
8543063,"FRONTAGE RD","GILMAN ST"
8543067,"TELEGRAPH AVE","WEBSTER ST"
8543083,"UNIVERSITY AVE","FRONTAGE"
8543091,"BANCROFT WAY","BOWDITCH ST"
8543095,"HEARST AVE","SPRUCE ST"
8543099,"ADELINE ST","ESSEX ST"
8543107,"GILMAN ST","SIXTH ST"
8543115,"GRIZZLY PEAK BLVD","SHASTA RD"
8543119,"DWIGHT WAY","GRANT ST"
8543285,"ASHBY AVE","CLAREMONT AVE"
8543326,"ASHBY AVE","SHATTUCK AVE"
8544664,"BOLIVAR DR","ADDISON ST"
8544672,"MARTIN LUTHER KING JR WAY","ALLSTON WAY"
8544692,"SHATTUCK AVE","VIRGINIA ST"
8544716,"HEARST AVE","LE CONTE AVE"
8544744,"MARTIN LUTHER KING JR WAY","CARLETON ST"
8544752,"EUCLID AVE","CEDAR ST"
8544805,"SECOND ST","ADDISON ST"
8545572,"DWIGHT WAY","BOWDITCH ST"
8545576,"SACRAMENTO ST","RUSSELL ST"
8546056,"ASHBY AVE","SAN PABLO AVE"
8551850,"SAN PABLO AVE","HASKELL ST"
8551862,"SEVENTH ST","HEINZ AVE"
8552066,"SACRAMENTO ST","UNIVERSITY AVE"
8552263,"ADDISON ST","ACTON ST"
8552267,"UNIVERSITY AVE","ACTON ST"
8552279,"HOPKINS ST","MONTEREY AVE"
8552283,"SHATTUCK AVE","CANTER ST"
8552287,"UNIVERSITY AVE","MILVIA ST"
8552291,"GILMAN ST","NINTH ST"
8552299,"HEARST AVE","SPRUCE ST"
8552319,"CEDAR ST","BONITA AVE"
8552658,"FULTON ST","BANCROFT WAY"
8553724,"SOLANO AVE","PERALTA AVE"
8554028,"ASHBY AVE","MABEL ST"
8556643,"TELEGRAPH AVE","STUART ST"
8556647,"TELEGRAPH AVE","CARLETON ST"
8556651,"UNIVERSITY AVE","CURTIS ST"
8556655,"MARIN AVE","MONTEREY AVE"
8556718,"ASHBY AVE","COLLEGE AVE"
8557309,"ADELINE ST","OREGON ST"
8557313,"HARMON ST","ADELINE ST"
8557317,"TELEGRAPH AVE","PARKER ST"
8557325,"FRONTAGE","UNIVERSITY AVE"
8557337,"ROSE ST","HENRY ST"
8557349,"ASHBY AVE","NEWBURY ST"
8574650,"BANCROFT WAY","SHATTUCK AVE"
8574718,"CEDAR ST","JUANITA WAY"
8574803,"SAN PABLO AVE","FOLGER AVE"
8595449,"EUCLID AVE","RIDGE RD"
8595461,"MARTIN LUTHER KING JR WAY","ADELINE ST"
8595473,"MILVIA ST","DWIGHT WAY"
8595485,"ADELINE ST","RUSSELL ST"
8595489,"VIRGINIA ST","SHATTUCK AVE"
8595493,"MILVIA ST","VINE ST"
8595497,"HEARST AVE","HEARST AVE"
8595505,"TENTH ST","DWIGHT WAY"
8595513,"HOPKINS ST","CURTIS ST"
8595517,"SEVENTH ST","PARKER ST"
8597391,"DWIGHT WAY","SAN PABLO AVE"
8597407,"CHANNING WAY","TELEGRAPH AVE"
8597747,"SIXTH ST","ADDISON ST"
8599454,"SHATTUCK AVE","VIRGINIA ST"
8599519,"CEDAR ST","MILVIA ST"
8610774,"MILVIA ST","CENTER ST"
8611770,"SOLANO AVE","FRESNO AV"
8611802,"BANCROFT WAY","FULTON ST"
8611806,"MILVIA ST","WARD ST"
8611818,"TELEGRAPH AVE","DERBY ST"
8611834,"TELEGRAPH AVE","CARLETON ST"
8611844,"SHATTUCK AVE","RUSSELL ST"
8611848,"BANCROFT WAY","BOWDITCH ST"
8611902,"UNIVERSITY AVE","CURTIS ST"
8614390,"UNIVERSITY AVE","FIFTH ST"
8614477,"LA LOMA AVE","BUENA VISTA WAY"
8614756,"CENTER ST","SHATTUCK AVE"
8614760,"SEVENTH ST","ALLSTON WAY"
8614764,"MARTIN LUTHER KING JR WAY","VINE ST"
8614768,"ADELINE ST","HARMON ST"
8614772,"RUSSELL ST","COLLEGE AVE"
8614977,"CONTRA COSTA AVE","NORTHGATE AVE"
8615767,"HEARST AVE","SAN PABLO AVE"
8615771,"SAN PABLO AVE","CHAUCER ST"
8615775,"UNIVERSITY AVE","SHATTUCK AVE"
8615914,"ASHBY AVE","MARTIN LUTHER KING JR WAY"
8615923,"PRINCE ST","DEAKIN ST"
8615939,"SHATTUCK AVE","ASHBY AVE"
8615943,"COLLEGE AVE","ALCATRAZ AVE"
8615998,"ASHBY AVE","MARTIN LUTHER KING JR WAY"
8639425,"SAN PABLO AVE","ALLSTON WAY"
8641013,"GRANT ST","UNIVERSITY AVE"
8641014,"OXFORD ST","CEDAR ST"
8641017,"ALLSTON WAY","SHATTUCK AVE"
8641034,"ROSE ST","MARTIN LUTHER KING JR WAY"
8641049,"MILVIA ST","HASTE ST"
8641057,"OXFORD ST","HEARST AVE"
8641068,"HEARST AVE","FOURTH ST"
8641077,"CALIFORNIA ST","ADDISON ST"
8641081,"CHANNING WAY","MARTIN LUTHER KING JR WAY"
8641089,"OXFORD ST","HEARST AVE"
8641111,"ACTON ST","ADDISON ST"
8641119,"LINCOLN ST","MILVIA ST"
8642647,"DANA ST","HASTE ST"
8643124,"MARTIN LUTHER KING JR WAY","BLAKE ST"
8643131,"MARTIN LUTHER KING JR WAY","ADELINE ST"
8643139,"DERBY ST","CALIFORNIA ST"
8643143,"PIEDMONT AVE","CHANNING WAY"
8643147,"CHANNING WAY","COLLEGE AVE"
8643148,"CHANNING WAY","EDWARDS ST"
8643151,"SACRAMENTO ST","VIRGINIA ST"
8643175,"MARTIN LUTHER KING JR WAY","ALLSTON WAY"
8643179,"SHATTUCK AVE","DWIGHT WAY"
8643183,"UNIVERSITY AVE","SHATTUCK AVE"
8643191,"RUSSELL ST","DOMINGO AVE"
8643195,"MCGEE AVE","BANCROFT WAY"
8643282,"SHATTUCK AVE","WARD ST"
8645674,"OXFORD ST","UNIVERSITY AVE"
8646555,"DURANT AVE","TELEGRAPH AVE"
8646595,"COLLEGE AVE","FOREST AVE"
8646757,"CHANNING WAY","GRANT ST"
8646761,"TELEGRAPH AVE","STUART ST"
8647467,"WEBSTER ST","BENVENUE AVE"
8648338,"THE ALAMEDA","MARIN AVE"
8648806,"ASHBY AVE","SAN PABLO AVE"
8648810,"SAN PABLO AVE","CEDAR ST"
8648818,"ASHBY AVE","CALIFORNIA ST"
8648826,"ASHBY AVE","HILLEGASS AVE"
8648834,"COLLEGE AVE","ASHBY AVE"
8652047,"TELEGRAPH AVE","ASHBY AVE"
8665049,"ALVARADO RD","TUNNEL RD"
8665050,"COLLEGE AVE","WEBSTER ST"
8665054,"SAN PABLO AVE","CAMELIA ST"
8679342,"MILVIA ST","HASTE ST"
8689044,"HILLEGASS AVE","ASHBY AVE"
8689052,"UNIVERSITY AVE","OXFORD ST"
8689056,"ASHBY AVE","CALIFORNIA ST"
8689064,"ASHBY AVE","LORINA ST"
8689763,"THE ALAMEDA","NAPA AVE"
8689768,"FRONTAGE","VIRGINIA ST"
8689772,"DWIGHT WAY","BYRON ST"
8689776,"CHANNING WAY","DANA ST"
8689779,"SAN PABLO AVE","UNIVERSITY AVE"
8689783,"STUART ST","SHATTUCK AVE"
8689788,"FULTON ST","CARLETON ST"
8689791,"HASTE ST","SHATTUCK AVE"
8689792,"BENVENUE AVE","DERBY ST"
8689800,"MCGEE AVE","ALLSTON WAY"
8689803,"ALCATRAZ AVE","DOVER ST"
8689804,"ALCATRAZ AVE","COLLEGE AVE"
8689812,"CHANNING WAY","WARRING ST"
8689819,"MARTIN LUTHER KING JR WAY","CHANNING WAY"
8689831,"HEARST AVE","SIXTH ST"
8689835,"ALLSTON WAY","HAROLD WAY"
8689836,"GRANT ST","OREGON ST"
8689839,"ALCATRAZ AVE","COLLEGE AVE"
8689840,"ADDISON ST","MILVIA ST"
8690173,"COLLEGE AVE","ALCATRAZ AVE"
8693331,"HEARST AVE","MARTIN LUTHER KING JR WAY"
8693347,"EUCLID AVE","CRYSTAL WAY"
8694158,"OREGON ST","MILVIA ST"
8697397,"ROOSEVELT AVE","BANCROFT WAY"
8698180,"GILMAN ST","GILMAN ST"
8698199,"COLLEGE AVE","ALCATRAZ AVE"
8698227,"SIXTH ST","ADDISON ST"
8698491,"WILDCAT CANYON RD","WOODMONT AVE"
8698499,"SACRAMENTO ST","DELAWARE ST"
8698511,"ALLSTON WAY","CALIFORNIA ST"
8698515,"GILMAN ST","TENTH ST"
8698523,"SHATTUCK AVE","PARKER ST"
8698535,"TELEGRAPH AVE","DWIGHT WAY"
8698539,"GILMAN ST","TALBOT AVE"
8700801,"ASHBY AVE","TELEGRAPH AVE"
8700805,"SAN PABLO AVE","BANCROFT WAY"
8705133,"HEARST AVE","SHATTUCK AVE"
8705137,"DURANT AVE","DANA ST"
8705145,"CHANNING WAY","ELLSWORTH ST"
8705161,"CHANNING WAY","ATHERTON ST"
8705165,"UNIVERSITY AVE","NINTH ST"
8705173,"UNIVERSITY AVE","WEST ST"
8705185,"TELEGRAPH AVE","PRINCE ST"
8708088,"ATHERTON ST","HASTE ST"
8709605,"EUCLID AVE","LE CONTE AVE"
8709649,"MILVIA ST","WARD ST"
8709653,"SACRAMENTO ST","JULIA ST"
8729123,"CEDAR ST","MARTIN LUTHER KING JR WAY"
8729147,"PRINCE ST","MARTIN LUTHER KING JR WAY"
8729151,"PARKER ST","SHATTUCK AVE"
8729171,"UNIVERSITY AVE","MILVIA ST"
8729187,"SIXTH ST","JONES ST"
8729195,"CHANNING WAY","MCGEE AVE"
8729286,"AVALON AVE","OAK KNOLL TER"
8730430,"LOS ANGELES AVE","MARIN CIR"
8731560,"THE ALAMEDA","MARIN AVE"
8731841,"SHATTUCK AVE","SHATTUCK AVE"
8731921,"DELAWARE ST","TENTH ST"
8731987,"63RD ST","CALIFORNIA ST"
8731992,"CHANNING WAY","CHANNING WAY"
8731999,"CURTIS ST","UNIVERSITY AVE"
8734004,"OREGON ST","SHATTUCK AVE"
8734016,"ADDISON ST","GRANT ST"
8734883,"SHATTUCK AVE","CEDAR ST"
8734887,"THE ALAMEDA","HOPKINS ST"
8734895,"OXFORD ST","HEARST AVE"
8734899,"BLAKE ST","TELEGRAPH AVE"
8734907,"DERBY ST","REGENT ST"
8734923,"DANA ST","HASTE ST"
8734927,"COLLEGE AVE","ASHBY AVE"
8734943,"KITTREDGE ST","OXFORD ST"
8734966,"HEARST AVE","SHATTUCK AVE"
8734974,"SPAULDING AVE","ALLSTON WAY"
8734994,"MILVIA ST","DERBY ST"
8734998,"COLLEGE AVE","DWIGHT WAY"
8735006,"FULTON ST","CHANNING WAY"
8735010,"CEDAR ST","JUANITA WAY"
8735014,"SHATTUCK AVE","UNIVERSITY AVE"
8735021,"COLUSA AVE","SAN PEDRO AVE"
8735633,"TELEGRAPH AVE","WEBSTER ST"
8737043,"ASHBY AVE","SAN PABLO AVE"
8737094,"SAN PABLO AVE","PARKER ST"
8737098,"TELEGRAPH AVE","ASHBY AVE"
8737114,"ALLSTON WAY","SAN PABLO AVE"
8737203,"ASHBY AVE","REGENT ST"
8738745,"CHANNING WAY","SAN PABLO AVE"
8742585,"TELEGRAPH AVE","OREGON ST"
8742589,"TELEGRAPH AVE","BLAKE ST"
8742755,"HEARST AVE","EUCLID AVE"
8742759,"HASTE ST","COLLEGE AVE"
8742970,"CHANNING WAY","COLLEGE AVE"
8742975,"LOS ANGELES AVE","MARIN CIR"
8742979,"HILLEGASS AVE","WOOLSEY ST"
8742982,"NINTH ST","ALLSTON WAY"
8742983,"CENTER ST","OXFORD ST"
8742991,"COLLEGE AVE","ASHBY AVE"
8743003,"SPRUCE ST","MARIN AVE"
8743019,"HEARST AVE","EUCLID AVE"
8743023,"COLLEGE AVE","RUSSELL ST"
8743031,"UNIVERSITY AVE","SAN PABLO AVE"
8743035,"GRANT ST","CHANNING WAY"
8747250,"BANCROFT WAY","BOWDITCH ST"
8749447,"MARTIN LUTHER KING JR WAY","ASHBY AVE"
8749463,"ASHBY AVE","BENVENUE AVE"
8749467,"ASHBY AVE","COLLEGE AVE"
8749471,"ASHBY AVE","DEAKIN ST"
8749480,"ASHBY AVE","KING ST"
8749518,"ASHBY AVE","SHATTUCK AVE"
8774755,"CENTER ST","SHATTUCK AVE"
8775038,"SHATTUCK AVE","VINE ST"
8775394,"BANCROFT WAY","BOWDITCH ST"
8775398,"SHATTUCK AVE","HEARST AVE"
8775402,"SHATTUCK AVE","CEDAR ST"
8775406,"CHANNING WAY","TELEGRAPH AVE"
8775410,"SIXTH ST","PAGE ST"
8775430,"CHANNING WAY","ELLSWORTH ST"
8775434,"PIEDMONT AVE","DURANT AVE"
8775612,"ADA ST","SACRAMENTO ST"
8775620,"SHATTUCK AVE","PARKER ST"
8775636,"HEARST AVE","ACTON ST"
8775640,"TELEGRAPH AVE","PARKER ST"
8775646,"TENTH ST","GILMAN ST"
8775648,"NINTH ST","UNIVERSITY AVE"
8775656,"ADELINE ST","OREGON ST"
8775682,"SUTTER ST","EUNICE ST"
8775686,"ROSE ST","SPRUCE ST"
8775687,"BANCROFT WAY","BOWDITCH ST"
8775690,"CLAREMONT AVE","RUSSELL ST"
8775691,"POSEN AVE","MONTEREY AVE"
8775694,"VIRGINIA ST","SHATTUCK AVE"
8775695,"CHANNING WAY","SHATTUCK AVE"
8775702,"BANCROFT WAY","CALIFORNIA ST"
8775703,"ADDISON ST","NINTH ST"
8775710,"ESSEX ST","TREMONT ST"
8775714,"ROSE ST","CARLOTTA AVE"
8775722,"PIEDMONT AVE","DWIGHT WAY"
8775726,"COLUSA AVE","SOLANO AVE"
8775728,"ALLSTON WAY","SAN PABLO AVE"
8775730,"RUSSELL ST","ADELINE ST"
8775731,"COLLEGE AVE","WEBSTER ST"
8775735,"DELAWARE ST","CHESTNUT ST"
8775738,"CHANNING WAY","PIEDMONT AVE"
8775739,"BANCROFT WAY","DANA ST"
8775743,"BANCROFT WAY","ELLSWORTH ST"
8775747,"GAYLEY RD","HEARST AVE"
8775751,"EIGHTH ST","CEDAR ST"
8775755,"ADELINE ST","ASHBY AVE"
8775758,"HEARST AVE","BONITA AVE"
8775759,"TELEGRAPH AVE","BANCROFT WAY"
8775772,"GILMAN ST","PERALTA AVE"
8779549,"BAY ST","I-580"
8779569,"MARTIN LUTHER KING JR WAY","BLAKE ST"
8779605,"HEARST AVE","GRANT ST"
8782270,"ADDISON ST","MARTIN LUTHER KING JR WAY"
8782282,"ADDISON ST","MARTIN LUTHER KING JR WAY"
8782290,"SIXTH ST","HARRISON ST"
8782330,"MILVIA ST","WARD ST"
8787039,"ADELINE ST","62ND ST"
8791405,"DELAWARE ST","ACTON ST"
8794188,"TUNNEL RD","ALVARADO RD"
8807295,"SHATTUCK AVE","BANCROFT WAY"
8807324,"UNIVERSITY AVE","ACTON ST"
8807345,"SACRAMENTO ST","RUSSELL ST"
8807352,"ADDISON ST","MARTIN LUTHER KING JR WAY"
8807353,"UNIVERSITY AVE","SEVENTH ST"
8807356,"SACRAMENTO ST","LINCOLN ST"
8809387,"ADDISON ST","MILVIA ST"
8809391,"FOURTH ST","FOURTH ST"
8811106,"SPRUCE ST","EUNICE ST"
8811110,"DERBY ST","MILVIA ST"
8811282,"UNIVERSITY AVE","BERKELEY SQ"
8811283,"ADDISON ST","GRANT ST"
8811287,"DURANT AVE","COLLEGE AVE"
8811291,"HILLEGASS AVE","DERBY ST"
8811294,"WARD ST","MILVIA ST"
8811295,"MARTIN LUTHER KING JR WAY","VIRGINIA ST"
8811322,"ARLINGTON AVE","THOUSAND OAKS BLVD"
8811326,"SHATTUCK AVE","OREGON ST"
8811330,"SIXTH ST","ALLSTON WAY"
8811334,"FULTON ST","DWIGHT WAY"
8811346,"SACRAMENTO ST","VIRGINIA ST"
8811350,"ADELINE ST","STUART ST"
8811354,"TELEGRAPH AVE","ASHBY AVE"
8811707,"MILVIA ST","KITTREDGE ST"
8822196,"SAN PABLO AVE","CHANNING WAY"
8822354,"ASHBY AVE","DEAKIN ST"
8823748,"ALLSTON WAY","MILVIA ST"
8826524,"ASHBY AVE","SACRAMENTO ST"
8826528,"MARTIN LUTHER KING JR WAY","ASHBY AVE"
8826536,"SAN PABLO AVE","DWIGHT WAY"
8826560,"ASHBY AVE","KING ST"
8826569,"SAN PABLO AVE","ASHBY AVE"
8829791,"BLAKE ST","MILVIA ST"
8830122,"DELAWARE ST","SACRAMENTO ST"
8831755,"NINTH ST","ADDISON ST"
8833041,"ADELINE ST","ALCATRAZ AVE"
8833045,"DANA ST","PARKER ST"
8833053,"BANCROFT WAY","FULTON ST"
8833061,"BANCROFT WAY","ELLSWORTH ST"
8833069,"ADDISON ST","GRANT ST"
8833073,"CALIFORNIA ST","FRANCISCO ST"
8833089,"ROSE ST","BONITA AVE"
8833207,"UNIVERSITY AVE","CALIFORNIA ST"
8833223,"SACRAMENTO ST","CHANNING WAY"
8833235,"BANCROFT WAY","FOURTH ST"
8833247,"ASHBY AVE","COLLEGE AVE"
8835202,"MILVIA ST","CHANNING WAY"
8835214,"BENVENUE AVE","DERBY ST"
8835218,"ELLSWORTH ST","BANCROFT WAY"
8835222,"SACRAMENTO ST","OREGON ST"
8835225,"MARIN AVE","TULARE AVE"
8835234,"ADELINE ST","WOOLSEY ST"
8835242,"CHANNING WAY","TELEGRAPH AVE"
8835249,"UNIVERSITY AVE","OXFORD ST"
8835250,"GRANT ST","UNIVERSITY AVE"
8835254,"MARTIN LUTHER KING JR WAY","PARKER ST"
8835258,"HEARST AVE","OXFORD ST"
8835261,"WARRING ST","DERBY ST"
8835262,"COLLEGE AVE","ASHBY AVE"
8835269,"SHATTUCK AVE","VINE ST"
8835273,"MARTIN LUTHER KING JR WAY","ADELINE ST"
8836935,"HEINZ AVE","TENTH ST"
8836947,"SACRAMENTO ST","VIRGINIA ST"
8838743,"BANCROFT WAY","BOWDITCH ST"
8841446,"UNIVERSITY AVE","BONITA AVE"
8841454,"WOOLSEY ST","ADELINE ST"
8841458,"COLLEGE AVE","WEBSTER ST"
8841462,"UNIVERSITY AVE","CALIFORNIA ST"
8841474,"TELEGRAPH AVE","DURANT AVE"
8841478,"OXFORD ST","VIRGINIA ST"
8841486,"ALCATRAZ AVE","SACRAMENTO ST"
8841490,"SACRAMENTO ST","BLAKE ST"
8841494,"HEARST AVE","SCENIC AVE"
8841682,"MARTIN LUTHER KING JR WAY","STUART ST"
8841690,"CENTER ST","OXFORD ST"
8841698,"UNIVERSITY AVE","MARTIN LUTHER KING JR WAY"
8841702,"GILMAN ST","NEILSON ST"
8841710,"DURANT AVE","COLLEGE AVE"
8841722,"SEVENTH ST","CARLETON ST"
8841726,"COLLEGE AVE","COLLEGE AVE"
8841730,"DELAWARE ST","MARTIN LUTHER KING JR WAY"
8841734,"SACRAMENTO ST","JULIA ST"
8841742,"NINTH ST","ADDISON ST"
8841758,"SACRAMENTO ST","LINCOLN ST"
8846668,"TENTH ST","UNIVERSITY AVE"
8853228,"MARTIN LUTHER KING JR WAY","CHANNING WAY"
8853260,"CEDAR ST","BONITA AVE"
8853272,"DERBY ST","ELLSWORTH ST"
8862999,"BONITA AVE","BERRYMAN ST"
8863180,"MILVIA ST","DERBY ST"
8863184,"FULTON ST","PARKER ST"
8863188,"ALLSTON WAY","SHATTUCK AVE"
8863192,"ALLSTON WAY","GRANT ST"
8863196,"PARKER ST","CARLETON ST"
8863200,"FRONTAGE RD","GILMAN ST"
8863225,"BLAKE ST","MARTIN LUTHER KING JR WAY"
8868570,"MILVIA ST","DWIGHT WAY"
8868582,"SAN PABLO AVE","SAN PABLO AVE"
8868586,"SAN PABLO AVE","PARKER ST"
8868590,"ROSE ST","MILVIA ST"
8869945,"LE CONTE AVE","EUCLID AVE"
8874447,"HENRY ST","ROSE ST"
8874475,"TELEGRAPH AVE","HASTE ST"
8874563,"UNIVERSITY AVE","ACTON ST"
8874571,"EUCLID AVE","HILGARD AVE"
8874579,"CEDAR ST","MILVIA ST"
8874599,"KITTREDGE ST","SHATTUCK AVE"
8874603,"BANCROFT WAY","FULTON ST"
8874607,"DURANT AVE","TELEGRAPH AVE"
8874616,"DWIGHT WAY","REGENT ST"
8874619,"TALBOT AVE","CAMELIA ST"
8874623,"ADELINE ST","MARTIN LUTHER KING JR WAY"
8874624,"ALLSTON WAY","MILVIA ST"
8874627,"DWIGHT WAY","WARRING ST"
8874632,"COLLEGE AVE","PARKER ST"
8874636,"COLLEGE AVE","CHANNING WAY"
8875284,"I-80","SAN FRANCISCO BAY TRAIL"
8875296,"ASHBY AVE","DOMINGO AVE"
8879655,"MARTIN LUTHER KING JR WAY","BANCROFT WAY"
8879659,"MARTIN LUTHER KING JR WAY","DWIGHT WAY"
8879663,"ROSE ST","SHATTUCK PL"
8879667,"HEARST AVE","HENRY ST"
8880795,"STANFORD AVE","ADELINE ST"
8890021,"KITTREDGE ST","FULTON ST"
8890022,"UNIVERSITY AVE","MARTIN LUTHER KING JR WAY"
8890025,"ROSE ST","WALNUT ST"
8890029,"GILMAN ST","TENTH ST"
8890696,"ASHBY AVE","FULTON ST"
8895865,"CEDAR ST","MARTIN LUTHER KING JR WAY"
8895877,"DANA ST","BLAKE ST"
8903756,"CEDAR ST","NINTH ST"
8903968,"NINTH ST","ASHBY AVE"
8905699,"CEDAR ST","MARTIN LUTHER KING JR WAY"
8905703,"CEDAR ST","STANNAGE AVE"
8905715,"FULTON ST","BANCROFT WAY"
8905719,"MARIN AVE","MARIN AVE"
8905727,"MILVIA ST","DWIGHT WAY"
8905743,"CHANNING WAY","BOWDITCH ST"
8905751,"ADELINE ST","HARMON ST"
8905759,"SHATTUCK AVE","BERKELEY SQ"
8907053,"ASHBY AVE","SHATTUCK AVE"
8907257,"UNIVERSITY AVE","NINTH ST"
8908841,"SHATTUCK AVE","VIRGINIA ST"
8908861,"CALIFORNIA ST","ALLSTON WAY"
8908869,"BANCROFT WAY","COLLEGE AVE"
8908877,"SACRAMENTO ST","OREGON ST"
8909209,"OXFORD ST","ALLSTON WAY"
8909496,"NINTH ST","DWIGHT WAY"
8910812,"UNIVERSITY AVE","SIXTH ST"
8936736,"SHATTUCK AVE","PRINCE ST"
8937372,"MCGEE AVE","PARKER ST"
8937376,"HEARST AVE","SHATTUCK AVE"
8937384,"CEDAR ST","SHATTUCK AVE"
8937420,"ALLSTON WAY","HAROLD WAY"
8937428,"MILVIA ST","WARD ST"
8937432,"CENTER ST","MILVIA ST"
8939252,"SACRAMENTO ST","FAIRVIEW ST"
8939374,"ADELINE ST","ASHBY AVE"
8944041,"CHANNING WAY","DANA ST"
8947303,"RUSSELL ST","MABEL ST"
8947307,"UNIVERSITY AVE","TENTH ST"
8964592,"MARTIN LUTHER KING JR WAY","PARKER ST"
8965044,"UNIVERSITY AVE","SHATTUCK AVE"
8965062,"DELAWARE ST","SACRAMENTO ST"
8965078,"SIXTH ST","UNIVERSITY AVE"
8965086,"BANCROFT WAY","BOWDITCH ST"
8965090,"CLAREMONT AVE","THE UPLANDS"
8965096,"DWIGHT WAY","DANA ST"
8965098,"SUTTER ST","HOPKINS ST"
8965103,"DWIGHT WAY","NINTH ST"
8965110,"HILLEGASS AVE","DWIGHT WAY"
8965111,"STUART ST","FULTON ST"
8965122,"VIRGINIA ST","MARTIN LUTHER KING JR WAY"
8970341,"EUCLID AVE","CEDAR ST"
8970345,"WALNUT ST","CEDAR ST"
8970349,"OXFORD ST","BERKELEY WAY"
8970365,"ADDISON ST","SEVENTH ST"
8970377,"ACTON ST","CEDAR ST"
8970381,"BOLIVAR DR","BOLIVAR DR"
8970389,"DERBY ST","MARTIN LUTHER KING JR WAY"
8971060,"OREGON ST","FULTON ST"
8971064,"GILMAN ST","SECOND ST"
8971068,"EUCLID AVE","ACACIA AVE"
8971080,"DURANT AVE","SHATTUCK AVE"
8971088,"ADELINE ST","ESSEX ST"
8971092,"CARLETON ST","ACTON ST"
8971096,"CHANNING WAY","SHATTUCK AVE"
8971108,"OXFORD ST","UNIVERSITY AVE"
8971120,"ESSEX ST","SHATTUCK AVE"
8971523,"VIRGINIA ST","ARCH ST"
8971527,"ADDISON ST","SACRAMENTO ST"
8971538,"CHANNING WAY","TELEGRAPH AVE"
8971539,"MILVIA ST","BERKELEY WAY"
8971543,"TELEGRAPH AVE","DURANT AVE"
8971546,"HASTE ST","SHATTUCK AVE"
8971547,"ORDWAY ST","GILMAN ST"
8971550,"OXFORD ST","ADDISON ST"
8971559,"SHATTUCK AVE","UNIVERSITY AVE"
8971563,"UNIVERSITY AVE","WEST ST"
8971567,"CALIFORNIA ST","HEARST AVE"
8971579,"ROSE ST","JUANITA WAY"
8971600,"SHATTUCK AVE","ADDISON ST"
8974168,"DOMINGO AVE","RUSSELL ST"
8974285,"SAN PABLO AVE","PAGE ST"
8974550,"ASHBY AVE","SAN PABLO AVE"
8974554,"SAN PABLO AVE","UNIVERSITY AVE"
8975131,"CHESTNUT ST","UNIVERSITY AVE"
8975320,"ADELINE ST","ASHBY AVE"
8975324,"SAN PABLO AVE","DELAWARE ST"
8975328,"SAN PABLO AVE","BLAKE ST"
8975354,"SAN PABLO AVE","JONES ST"
8977387,"JONES ST","SIXTH ST"
9001376,"NINTH ST","PAGE ST"
9001404,"THE ALAMEDA","EL DORADO AVE"
9001764,"CHANNING WAY","BOWDITCH ST"
9001775,"HEARST AVE","SHATTUCK AVE"
9001776,"HEARST AVE","EUCLID AVE"
9001783,"KING ST","ALCATRAZ AVE"
9001784,"OXFORD ST","HEARST AVE"
9001791,"SEVENTH ST","HEINZ AVE"
9001792,"ALCATRAZ AVE","ADELINE ST"
9001795,"FULTON ST","CARLETON ST"
9001796,"ALCATRAZ AVE","ELLIS ST"
9001800,"FOURTH ST","CEDAR ST"
9001804,"SHATTUCK AVE","PARKER ST"
9001808,"LA LOMA AVE","BUENA VISTA WAY"
9001811,"OXFORD ST","VIRGINIA ST"
9001812,"ADA ST","CALIFORNIA ST"
9001815,"GILMAN ST","SIXTH ST"
9001816,"DURANT AVE","COLLEGE AVE"
9001819,"SHATTUCK AVE","ROSE ST"
9001831,"VIRGINIA ST","OXFORD ST"
9001836,"CHANNING WAY","ELLSWORTH ST"
9001840,"CEDAR ST","WALNUT ST"
9001960,"SEVENTH ST","BANCROFT WAY"
90027216,"ASHBY AVE","HARPER ST"
9003815,"KITTREDGE ST","SHATTUCK AVE"
90047888,"I-80","GILMAN ST"
9020494,"ASHBY AVE","COLLEGE AVE"
90219269,"I-80","GILMAN ST"
9022801,"TELEGRAPH AVE","ASHBY AVE"
9022819,"WARD ST","SHATTUCK AVE"
9022834,"SHATTUCK AVE","RUSSELL ST"
9022835,"MARTIN LUTHER KING JR WAY","PRINCE ST"
9028695,"ELLSWORTH ST","DURANT AVE"
9028963,"CEDAR ST","SPRUCE ST"
9028971,"SOLANO AVE","TULARE AVE"
9028975,"SACRAMENTO ST","RUSSELL ST"
9028987,"CLAREMONT AVE","HAZEL RD"
9028999,"DURANT AVE","CHANNING WAY"
9029007,"GILMAN ST","EASTSHORE HWY"
9029008,"DURANT AVE","FULTON ST"
9029011,"OXFORD ST","HEARST AVE"
9029015,"SANTA FE AVE","GILMAN ST"
9029017,"DERBY ST","COLLEGE AVE"
9029020,"ROSE ST","JOSEPHINE ST"
9029021,"DELAWARE ST","SAN PABLO AVE"
9029024,"OXFORD ST","UNIVERSITY AVE"
9029029,"DURANT AVE","COLLEGE AVE"
9029031,"DWIGHT WAY","DANA ST"
9029032,"HEARST AVE","SHATTUCK AVE"
9029036,"TELEGRAPH AVE","PARKER ST"
9029037,"CEDAR ST","WALNUT ST"
9029040,"MARIN AVE","MARIN CIR"
9029044,"TENTH ST","DWIGHT WAY"
9029052,"HASTE ST","COLLEGE AVE"
9029056,"SIXTH ST","GILMAN ST"
9029068,"CENTER ST","MILVIA ST"
9029084,"HASTE ST","MILVIA ST"
9029088,"MARTIN LUTHER KING JR WAY","ADDISON ST"
9029092,"SEVENTH ST","ANTHONY ST"
9029096,"CEDAR ST","HENRY ST"
9029100,"SHATTUCK AVE","WOOLSEY ST"
9034335,"SAN PABLO AVE","VIRGINIA ST"
9034338,"SAN PABLO AVE","HEARST AVE"
9034346,"BANCROFT WAY","SAN PABLO AVE"
9034359,"ASHBY AVE","HILLEGASS AVE"
9036901,"SACRAMENTO ST","HARMON ST"
9037002,"HASTE ST","PIEDMONT AVE"
9038767,"WEST ST","ADDISON ST"
9039761,"BANCROFT WAY","BOWDITCH ST"
9039974,"SHATTUCK AVE","ALLSTON WAY"
90422463,"I-80","ASHBY AVE"
90438086,"I-80","GILMAN ST"
90451766,"I-80","GILMAN ST"
90492510,"I-80","GILMAN ST"
9049287,"COLLEGE AVE","RUSSELL ST"
9049292,"CHANNING WAY","TELEGRAPH AVE"
9049295,"UNIVERSITY AVE","GRANT ST"
9049296,"MARIN AVE","MARIN CIR"
9049303,"VIRGINIA ST","EUCLID AVE"
9049307,"MARIN AVE","FRESNO"
9049311,"NINTH ST","CEDAR ST"
9049316,"NINTH ST","ALLSTON WAY"
9049319,"RUSSELL ST","FULTON ST"
9049320,"EUNICE ST","SPRUCE ST"
9049323,"EASTSHORE HWY","GILMAN ST"
9049328,"SACRAMENTO ST","DELAWARE ST"
9049332,"MARIN AVE","COLUSA AVE"
9049336,"TELEGRAPH AVE","WEBSTER ST"
9049340,"CLAREMONT AVE","ALCATRAZ AVE"
9049344,"MARTIN LUTHER KING JR WAY","OREGON ST"
9049356,"ADDISON ST","MARTIN LUTHER KING JR WAY"
90502134,"I-80","GILMAN ST"
9060094,"ASHBY AVE","SAN PABLO AVE"
9060099,"SAN PABLO AVE","ALLSTON WAY"
90671561,"I-80","ASHBY AVE"
90674116,"I-80","UNIVERSITY AVE"
9084659,"COLLEGE AVE","RUSSELL ST"
9084663,"SPAULDING AVE","CHANNING WAY"
9089488,"UNIVERSITY AVE","SAN PABLO AVE"
9090321,"CHANNING WAY","MARTIN LUTHER KING JR WAY"
9090325,"TELEGRAPH AVE","DOWLING PL"
9090326,"OXFORD ST","UNIVERSITY AVE"
9090332,"WOOLSEY ST","SHATTUCK AVE"
9090333,"SHATTUCK AVE","BANCROFT WAY"
9090338,"ALLSTON WAY","MCGEE AVE"
9090339,"ADELINE ST","ESSEX ST"
9090783,"SECOND ST","ADDISON ST"
9090784,"EUCLID AVE","RIDGE RD"
9090786,"HOPKINS ST","ALBINA AVE"
9090791,"UNIVERSITY AVE","WALNUT ST"
9090792,"GILMAN ST","CURTIS ST"
9090796,"SACRAMENTO ST","RUSSELL ST"
9090799,"ADDISON ST","MILVIA ST"
9099225,"NINTH ST","CEDAR ST"
9099804,"UNIVERSITY AVE","FRONTAGE RD"
9099808,"MILVIA ST","CENTER ST"
9099813,"COLLEGE AVE","ALCATRAZ AVE"
9099814,"HEARST AVE","SEVENTH ST"
9099817,"ROSE ST","SHATTUCK PL"
9099818,"ASHBY AVE","DOHR ST"
9102914,"SAN PABLO AVE","VIRGINIA ST"
9107225,"CEDAR ST","SAN PABLO AVE"
91108458,"I-80","GILMAN ST"
91156245,"I-80","ASHBY AVE"
9116201,"SPRUCE ST","EUNICE ST"
9116202,"SPRUCE ST","MARIN AVE"
9116205,"SACRAMENTO ST","ALCATRAZ AVE"
9116206,"GILMAN ST","SIXTH ST"
91186576,"I-80","UNIVERSITY AVE"
91187390,"I-80","GILMAN ST"
9122580,"UNIVERSITY AVE","MARINA BLVD"
9122588,"GILMAN ST","SANTA FE AVE"
9122592,"TELEGRAPH AVE","DWIGHT WAY"
9122600,"MARTIN LUTHER KING JR WAY","OREGON ST"
9122604,"FRONTAGE RD","UNIVERSITY AVE"
9122608,"EUCLID AVE","HEARST AVE"
9122612,"GILMAN ST","PERALTA AVE"
9122628,"GRAYSON ST","SEVENTH ST"
9122636,"JOSEPHINE ST","ROSE ST"
91274468,"I-80","GILMAN ST"
91276703,"I-80","UNIVERSITY AVE"
9128444,"TELEGRAPH AVE","ASHBY AVE"
9132021,"SHATTUCK AVE","SHATTUCK AVE"
9134054,"CENTER ST","MILVIA ST"
9136422,"UNIVERSITY AVE","FRONTAGE RD"
9136425,"VIRGINIA ST","SIXTH ST"
9136428,"DWIGHT WAY","SHATTUCK AVE"
9137100,"SHATTUCK AVE","WOOLSEY ST"
9137809,"TELEGRAPH AVE","DURANT AVE"
9137811,"MARTIN LUTHER KING JR WAY","CENTER ST"
9137816,"MILVIA ST","CHANNING WAY"
9137817,"MONTEREY AVE","HOPKINS ST"
9137818,"CEDAR ST","JUANITA WAY"
9141262,"CLAREMONT PARK CT","ASHBY AVE"
9141274,"GRAYSON ST","SAN PABLO AVE"
9142737,"COLLEGE AVE","ALCATRAZ AVE"
9144509,"CEDAR ST","JUANITA WAY"
91583840,"ASHBY AVE","MABEL ST"
9161229,"GRIZZLY PEAK BLVD","HILL RD"
9161627,"CEDAR ST","NINTH ST"
9161629,"HEINZ AVE","NINTH ST"
9161630,"CENTER ST","CENTER ST"
9161631,"TENTH ST","UNIVERSITY AVE"
9161634,"ALCATRAZ AVE","ELLIS ST"
9161636,"UNIVERSITY AVE","SHATTUCK AVE"
9161637,"NINTH ST","ALLSTON WAY"
9164040,"SAN PABLO AVE","BANCROFT WAY"
91798544,"I-80","ASHBY AVE"
9180574,"FULTON ST","BANCROFT WAY"
91808924,"I-80","ASHBY AVE"
91812669,"I-80","ASHBY AVE"
9181519,"PROSPECT ST","BANCROFT WAY"
91821235,"I-80","UNIVERSITY AVE"
9186988,"ADDISON ST","TENTH ST"
9187000,"MONTEREY AVE","COLUSA AVE"
9188122,"CHANNING WAY","FULTON ST"
9188124,"SIXTH ST","CEDAR ST"
9188128,"HARMON ST","SACRAMENTO ST"
9188130,"KITTREDGE ST","SHATTUCK AVE"
9188131,"SACRAMENTO ST","FAIRVIEW ST"
9188133,"SHATTUCK AVE","EUNICE ST"
9188134,"ROSE ST","HENRY ST"
9188136,"MILVIA ST","UNIVERSITY AVE"
9192870,"ASHBY AVE","CALIFORNIA ST"
91935081,"CHANNING WAY","DANA ST"
9197958,"SACRAMENTO ST","OREGON ST"
9201231,"WARRING ST","DWIGHT WAY"
9201236,"CURTIS ST","UNIVERSITY AVE"
9201521,"ACTON ST","CEDAR ST"
9212563,"ASHBY AVE","KING ST"
9212579,"DWIGHT WAY","SAN PABLO AVE"
9212583,"SAN PABLO AVE","ASHBY AVE"
9212587,"ASHBY AVE","SHATTUCK AVE"
9216389,"BOLIVAR DR","ADDISON ST"
9218261,"MARTIN LUTHER KING JR WAY","ADDISON ST"
9218263,"SIXTH ST","CEDAR ST"
9218265,"UNIVERSITY AVE","MILVIA ST"
9218272,"SACRAMENTO ST","HARMON ST"
9218273,"ADELINE ST","HARMON ST"
9218274,"BOLIVAR DR","ADDISON ST"
9218276,"FULTON ST","BLAKE ST"
9218277,"UNIVERSITY AVE","MARTIN LUTHER KING JR WAY"
9218279,"DWIGHT WAY","TENTH ST"
9218280,"BANCROFT WAY","ELLSWORTH ST"
9218815,"SPRUCE ST","SOUTHAMPTON AVE"
9221300,"ASHBY AVE","BENVENUE AVE"
9221343,"COLLEGE AVE","WEBSTER ST"
9221355,"SAN PABLO AVE","HARRISON ST"
9222351,"SHATTUCK AVE","ASHBY AVE"
9224915,"HILGARD AVE","EUCLID AVE"
9230808,"FULTON ST","CARLETON ST"
9231968,"ASHBY AVE","COLLEGE AVE"
9231969,"ASHBY AVE","DOMINGO AVE"
9234470,"UNIVERSITY AVE","MARTIN LUTHER KING JR WAY"
9234471,"EIGHTH ST","UNIVERSITY AVE"
9234472,"BANCROFT WAY","NINTH ST"
9234474,"BOLIVAR DR","ADDISON ST"
9234475,"SPRUCE ST","LOS ANGELES AVE"
9234478,"PARKER ST","SHATTUCK AVE"
9240873,"ROSE ST","MARTIN LUTHER KING JR WAY"
9240976,"MARTIN LUTHER KING JR WAY","FRANCISCO ST"
9240977,"ADDISON ST","BOLIVAR DR"
9240980,"FRONTAGE RD","GILMAN ST"
9240981,"UNIVERSITY AVE","TENTH ST"
9240983,"GILMAN ST","SEVENTH ST"
9240984,"STANFORD AVE","ADELINE ST"
9244700,"62ND ST","MARTIN LUTHER KING JR WAY"
9244884,"MARIN AVE","MARIN CIR"
9245481,"SAN PABLO AVE","GRAYSON ST"
9250578,"BANCROFT WAY","BONAR ST"
9250581,"CEDAR ST","SHATTUCK AVE"
9250584,"WEBSTER ST","HALCYON CT"
9250585,"SACRAMENTO ST","DWIGHT WAY"
9250587,"BANCROFT WAY","ELLSWORTH ST"
9250589,"PARKER ST","CHILTON WAY"
9250590,"FRONTAGE","UNIVERSITY AVE"
9250592,"PARKER ST","TENTH ST"
9250594,"NINTH ST","CHANNING WAY"
9250595,"CHANNING WAY","SHATTUCK AVE"
9250598,"CENTER ST","MILVIA ST"
9250600,"BOLIVAR DR","ADDISON ST"
9250815,"SAN PABLO AVE","UNIVERSITY AVE"
9271667,"FRONTAGE","ASHBY AVE"
9277037,"SPRUCE ST","EUNICE ST"
9277039,"MILVIA ST","PARKER ST"
9277048,"CALIFORNIA ST","CEDAR ST"
9286306,"SAN PABLO AVE","DELAWARE ST"
9286310,"SAN PABLO AVE","ASHBY AVE"
9286318,"ASHBY AVE","MARTIN LUTHER KING JR WAY"
9286387,"SAN PABLO AVE","FRANCISCO ST"
9286707,"INDIAN ROCK AVE","OXFORD ST"
9286708,"MILVIA ST","CENTER ST"
9286710,"HOPKINS ST","PERALTA AVE"
9286713,"ROSE ST","SPRUCE ST"
9286908,"SPRUCE ST","MARIN AVE"
9288274,"ACTON ST","CHANNING WAY"
9288402,"SPRUCE ST","ARCH ST"
9288405,"GILMAN ST","TENTH ST"
9288408,"ROSE ST","JUANITA WAY"
9288409,"EUCLID AVE","CRAGMONT AVE"
9288410,"EUNICE ST","HENRY ST"
9288431,"GRIZZLY PEAK BLVD","SUNSET LN"
9288435,"MARIN AVE","COLUSA AVE"
9294168,"WARRING ST","PARKER ST"
9294172,"GILMAN ST","EVELYN AVE"
9294175,"MCGEE AVE","VIRGINIA ST"
9294176,"GRIZZLY PEAK BLVD","AVENIDA DR"
9294177,"SIXTH ST","ALLSTON WAY"
9294178,"WARD ST","GRANT ST"
9312256,"TELEGRAPH AVE","ASHBY AVE"
9312314,"GILMAN ST","I-80"
9312315,"SAN PABLO AVE","ADDISON ST"
9317480,"FOURTH ST","ADDISON ST"
9317593,"SACRAMENTO ST","DELAWARE ST"
9317594,"FULTON ST","RUSSELL ST"
9317595,"TENTH ST","CARLETON ST"
9317597,"CEDAR ST","OXFORD ST"
9317598,"DWIGHT WAY","MILVIA ST"
9319626,"CEDAR ST","MARTIN LUTHER KING JR WAY"
9319627,"HEARST AVE","SHATTUCK AVE"
9319629,"GRANT ST","STUART ST"
9319630,"HEARST AVE","MILVIA ST"
9319631,"BOLIVAR DR","ADDISON ST"
9320125,"SAN PABLO AVE","OREGON ST"
9320270,"ADELINE ST","ASHBY AVE"
9320330,"ASHBY AVE","SEVENTH ST"
9338721,"HEARST AVE","HENRY ST"
9338725,"GILMAN ST","CURTIS ST"
9338727,"MILVIA ST","BLAKE ST"
9338730,"FAIRVIEW ST","ADELINE ST"
9338750,"THOUSAND OAKS BLVD","PERALTA AVE"
9338751,"GILMAN ST","TENTH ST"
9338752,"EIGHTH ST","CEDAR ST"
9338754,"HARRISON ST","CEDARWOOD LN"
9338759,"UNIVERSITY AVE","MILVIA ST"
9364056,"MARTIN LUTHER KING JR WAY","ROSE ST"
9364057,"WARD ST","ACTON ST"
9364058,"UNIVERSITY AVE","BONAR ST"
9364059,"ROBLE RD","ROBLE CT"
9364060,"THE ALAMEDA","MARIN AVE"
9364061,"MILVIA ST","OREGON ST"
9364066,"MARTIN LUTHER KING JR WAY","RUSSELL ST"
9364067,"VIRGINIA ST","MARTIN LUTHER KING JR WAY"
9364069,"ALLSTON WAY","BYRON ST"
9364071,"TELEGRAPH AVE","STUART ST"
9364086,"DWIGHT WAY","BOWDITCH ST"
9364088,"PARKER ST","MARTIN LUTHER KING JR WAY"
9364089,"ADELINE ST","STUART ST"
9364090,"UNIVERSITY AVE","SEVENTH ST"
9364092,"SACRAMENTO ST","ALCATRAZ AVE"
9364093,"EUCLID AVE","CRYSTAL WAY"
9364094,"CHANNING WAY","ELLSWORTH ST"
9364251,"NINTH ST","PAGE ST"
9367178,"FRONTAGE","GILMAN ST"
9367318,"UNIVERSITY AVE","GRANT ST"
9371225,"SACRAMENTO ST","UNIVERSITY AVE"
9379137,"SAN PABLO AVE","ALLSTON WAY"
9386392,"UNIVERSITY AVE","SIXTH ST"
9386581,"TELEGRAPH AVE","CARLETON ST"
9386583,"THE ALAMEDA","SOLANO AVE"
9386584,"SPRUCE ST","NORTHAMPTON AVE"
9386585,"FULTON ST","PARKER ST"
9386586,"VIRGINIA ST","EUCLID AVE"
9386587,"ADELINE ST","OREGON ST"
9386588,"PARKER ST","MILVIA ST"
9386589,"CEDAR ST","OXFORD ST"
9386592,"COLLEGE AVE","CHANNING WAY"
9386596,"ADELINE ST","62ND ST"
9386599,"SECOND ST","ADDISON ST"
9386600,"LA LOMA AVE","CEDAR ST"
9386609,"FULTON ST","DURANT AVE"
9386610,"DANA ST","DANA ST"
9386613,"BANCROFT WAY","PIEDMONT AVE"
9386615,"ADDISON ST","ACTON ST"
9386616,"RUSSELL ST","SHATTUCK AVE"
9386617,"BAKER ST","ALCATRAZ AVE"
9386620,"HEINZ AVE","SEVENTH ST"
9386970,"MARIN AVE","THE ALAMEDA"
9414244,"WALNUT ST","VINE ST"
9414256,"SHATTUCK AVE","VIRGINIA ST"
9414260,"UNIVERSITY AVE","GRANT ST"
9414272,"SHATTUCK AVE","KITTREDGE ST"
9414279,"EUCLID AVE","EUNICE ST"
9414280,"GRANT ST","BLAKE ST"
9414284,"ALCATRAZ AVE","CALIFORNIA ST"
9414288,"ALLSTON WAY","MILVIA ST"
9414291,"SHATTUCK AVE","OREGON ST"
9414299,"ALLSTON WAY","MCKINLEY AVE"
9414303,"CHANNING WAY","SHATTUCK AVE"
9414307,"DOHR ST","OREGON ST"
9414311,"NINTH ST","CAMELIA ST"
9414337,"SACRAMENTO ST","ASHBY AVE"
9418733,"HEARST AVE","MARTIN LUTHER KING JR WAY"
9418734,"SHATTUCK AVE","DURANT AVE"
9418741,"OXFORD ST","HEARST AVE"
9418742,"MILVIA ST","DERBY ST"
9418762,"CALIFORNIA ST","BLAKE ST"
9418764,"UNIVERSITY AVE","BONITA AVE"
9418766,"MILVIA ST","CENTER ST"
9418767,"COLLEGE AVE","CHANNING WAY"
9418768,"RUSSELL ST","PINE AVE"
9418770,"EMERSON ST","SHATTUCK AVE"
9418775,"SHATTUCK AVE","BANCROFT WAY"
9423325,"TUNNEL RD","ASHBY AVE"
9423337,"ASHBY AVE","TELEGRAPH AVE"
9423341,"ASHBY AVE","ADELINE ST"
9432668,"UNIVERSITY AVE","CURTIS ST"
9432672,"SAN PABLO AVE","GILMAN ST"
9432762,"ASHBY AVE","WHEELER ST"
9436074,"JOSEPHINE ST","SONOMA AVE"
9436078,"SHATTUCK AVE","RUSSELL ST"
9436084,"OXFORD ST","ALLSTON WAY"
9436090,"ADDISON ST","OXFORD ST"
9436091,"PRINCE ST","DEAKIN ST"
9436092,"ALCATRAZ AVE","ALCATRAZ AVE"
9436093,"MARTIN LUTHER KING JR WAY","ALLSTON WAY"
9436110,"DURANT AVE","DURANT AVE"
9436209,"CHANNING WAY","ELLSWORTH ST"
9438518,"KING ST","ASHBY AVE"
9438522,"TUNNEL RD","THE UPLANDS"
94414715,"I-80","UNIVERSITY AVE"
9445316,"ASHBY AVE","SACRAMENTO ST"
9452143,"UNIVERSITY AVE","MARTIN LUTHER KING JR WAY"
9452149,"BOWDITCH ST","DURANT AVE"
9452150,"MILVIA ST","BERKELEY SQ"
9452153,"SHATTUCK AVE","CHANNING WAY"
9452155,"SACRAMENTO ST","VIRGINIA ST"
9452168,"ASHBY AVE","BENVENUE AVE"
9452170,"GRIZZLY PEAK BLVD","EUCLID AVE"
9452173,"SHASTA RD","KEITH AVE"
9452298,"SACRAMENTO ST","PRINCE ST"
9452494,"DURANT AVE","TELEGRAPH AVE"
9452496,"HEARST AVE","EUCLID AVE"
9452497,"CHANNING WAY","ATHERTON ST"
9452499,"HEARST AVE","SPRUCE ST"
9452500,"SHATTUCK AVE","KITTREDGE ST"
9455403,"SHATTUCK AVE","BLAKE ST"
9455404,"I-80","GILMAN ST"
9455405,"OXFORD ST","HEARST AVE"
9455409,"CHANNING WAY","ELLSWORTH ST"
9455410,"ADELINE ST","STUART ST"
9455413,"SHATTUCK AVE","OREGON ST"
9455414,"MILVIA ST","CENTER ST"
9455415,"COLLEGE AVE","HASTE ST"
9455416,"MILVIA ST","DWIGHT WAY"
9455417,"BANCROFT WAY","PIEDMONT AVE"
9455420,"SOLANO AVE","MODOC ST"
9455423,"MILVIA ST","CENTER ST"
9455425,"ALLSTON WAY","MARTIN LUTHER KING JR WAY"
9455432,"EUCLID AVE","BUENA VISTA WAY"
9455435,"DELAWARE ST","SAN PABLO AVE"
9455437,"CHANNING WAY","BONAR ST"
9456678,"UNIVERSITY AVE","SAN PABLO AVE"
9462939,"ASHBY AVE","MABEL ST"
9478321,"GILMAN ST","KAINS AVE"
9478322,"MILVIA ST","RUSSELL ST"
9478324,"GILMAN ST","PERALTA AVE"
9478325,"MCGEE AVE","CARLETON ST"
9478326,"ELLSWORTH ST","BLAKE ST"
9478328,"BANCROFT WAY","SACRAMENTO ST"
9478339,"ASHBY AVE","TELEGRAPH AVE"
9478340,"ALLSTON WAY","BYRON ST"
9478354,"ROSE ST","JUANITA WAY"
9478357,"MARTIN LUTHER KING JR WAY","BERKELEY WAY"
9478358,"WEBSTER ST","TELEGRAPH AVE"
9478709,"SACRAMENTO ST","BANCROFT WAY"
9487161,"HEARST AVE","HEARST AVE"
9487163,"MILVIA ST","DWIGHT WAY"
9487170,"HARRISON ST","NINTH ST"
9487178,"VIRGINIA ST","MARTIN LUTHER KING JR WAY"
9487181,"FRONTAGE RD","VIRGINIA ST"
9487182,"SOLANO AVE","FRESNO AV"
9487245,"MILVIA ST","CHANNING WAY"
9487246,"FOURTH ST","CEDAR ST"
9487249,"DURANT AVE","FULTON ST"
9487424,"SHATTUCK AVE","CENTER ST"
9487432,"ASHBY AVE","SHATTUCK AVE"
9487483,"MARTIN LUTHER KING JR WAY","ADDISON ST"
9487484,"TELEGRAPH AVE","DERBY ST"
9488683,"OXFORD ST","OXFORD ST"
9488711,"HEARST AVE","OXFORD ST"
9488725,"CALIFORNIA ST","CEDAR ST"
9488726,"UNIVERSITY AVE","GRANT ST"
9488731,"MARTIN LUTHER KING JR WAY","BERKELEY SQ"
9488733,"MILVIA ST","CENTER ST"
9488734,"JOSEPHINE ST","VIRGINIA ST"
9488735,"SANTA FE AVE","OHLONE GREENWAY"
9488737,"HEARST AVE","WEST ST"
9488738,"HEARST AVE","CALIFORNIA ST"
9488899,"ADELINE ST","WOOLSEY ST"
9494225,"ASHBY AVE","ACTON ST"
9498887,"SAN PABLO AVE","DELAWARE ST"
9498892,"SHATTUCK AVE","ASHBY AVE"
9501620,"MONTEREY AVE","THE ALAMEDA"
9501625,"CRAGMONT AVE","EUCLID AVE"
9501628,"GILMAN ST","NINTH ST"
9501869,"MILVIA ST","DWIGHT WAY"
9501870,"CEDAR ST","CALIFORNIA ST"
9501873,"DELAWARE ST","SAN PABLO AVE"
9501909,"SACRAMENTO ST","UNIVERSITY AVE"
9501910,"UNIVERSITY AVE","GRANT ST"
9502056,"BANCROFT WAY","DANA ST"
9502057,"BANCROFT WAY","DANA ST"
9502059,"CLAREMONT AVE","RUSSELL ST"
9502063,"MARTIN LUTHER KING JR WAY","OREGON ST"
9502065,"BANCROFT WAY","ELLSWORTH ST"
9502067,"DANA ST","WOOLSEY ST"
9502070,"ALLSTON WAY","CALIFORNIA ST"
9502072,"HASTE ST","FULTON ST"
9502074,"EUCLID AVE","KEITH AVE"
9502075,"BANCROFT WAY","BOWDITCH ST"
9502077,"CEDAR ST","OXFORD ST"
9502078,"UNIVERSITY AVE","OXFORD ST"
9502169,"CHANNING WAY","MILVIA ST"
9504023,"ASHBY AVE","NEWBURY ST"
9504162,"GILMAN ST","SAN PABLO AVE"
9510535,"FULTON ST","FULTON ST"
9510935,"CEDAR ST","SIXTH ST"
9511553,"OXFORD ST","CENTER ST"
9514270,"SAN PABLO AVE","CEDAR ST"
9519137,"SHATTUCK AVE","CEDAR ST"
9519140,"NINTH ST","CARLETON ST"
9519142,"SOLANO AVE","TULARE AVE"
9519143,"WARD ST","MARTIN LUTHER KING JR WAY"
9519145,"SHATTUCK AVE","DELAWARE ST"
9519146,"TELEGRAPH AVE","BLAKE ST"
9519148,"ASHBY AVE","SAN PABLO AVE"
9519150,"MILVIA ST","ADDISON ST"
9519151,"BELROSE AVE","CLAREMONT AVE"
9519154,"WARD ST","MARTIN LUTHER KING JR WAY"
9519156,"UNIVERSITY AVE","CALIFORNIA ST"
9520163,"BANCROFT WAY","SHATTUCK AVE"
9528752,"GILMAN ST","TENTH ST"
9528799,"OXFORD ST","UNIVERSITY AVE"
9529583,"UNIVERSITY AVE","FOURTH ST"
9529687,"ALLSTON WAY","SAN PABLO AVE"
9529704,"SAN PABLO AVE","FOLGER AVE"
9529716,"ASHBY AVE","SAN PABLO AVE"
9529728,"MARTIN LUTHER KING JR WAY","ROSE ST"
9529748,"DELAWARE ST","SAN PABLO AVE"
9530228,"CHANNING WAY","TELEGRAPH AVE"
9530272,"HENRY ST","HEARST AVE"
9530276,"CLAREMONT AVE","RUSSELL ST"
9530278,"EUCLID AVE","LE CONTE AVE"
9530279,"UNIVERSITY AVE","SAN PABLO AVE"
9530282,"MILVIA ST","UNIVERSITY AVE"
9530284,"WOOLSEY ST","SHATTUCK AVE"
9530285,"HEARST AVE","SHATTUCK AVE"
9530287,"PARKER ST","TELEGRAPH AVE"
9530288,"ALLSTON WAY","GRANT ST"
9530289,"CENTER ST","MILVIA ST"
9530291,"STUART ST","TELEGRAPH AVE"
9530292,"SACRAMENTO ST","LINCOLN ST"
9530294,"CHANNING WAY","DANA ST"
9530297,"UNIVERSITY AVE","ACTON ST"
9530298,"BANCROFT WAY","SACRAMENTO ST"
9530299,"OREGON ST","SHATTUCK AVE"
9536168,"SAN PABLO AVE","ADDISON ST"
9536172,"SAN PABLO AVE","CHANNING WAY"
9536239,"SHATTUCK AVE","DERBY ST"
9536284,"HILLEGASS AVE","PARKER ST"
9536288,"ADELINE ST","ASHBY AVE"
9537385,"HEARST AVE","EUCLID AVE"
9537393,"PARKER ST","BENVENUE AVE"
9537398,"OXFORD ST","VIRGINIA ST"
9537406,"EUNICE ST","EUCLID AVE"
9537407,"SPRUCE ST","WASHINGTON AVE"
9537412,"BANCROFT WAY","COLLEGE AVE"
9537414,"STUART ST","MILVIA ST"
9537415,"HILLEGASS AVE","PARKER ST"
9537416,"MARTIN LUTHER KING JR WAY","CARLETON ST"
9537417,"SOLANO AVE","FRESNO"
9537419,"ACTON ST","CEDAR ST"
9537420,"MARTIN LUTHER KING JR WAY","ROSE ST"
9537500,"UNIVERSITY AVE","TENTH ST"
9546091,"SAN PABLO AVE","OREGON ST"
9546095,"CEDAR ST","SAN PABLO AVE"
9546158,"COLLEGE AVE","ASHBY AVE"
9546240,"SAN PABLO AVE","SAN PABLO AVE"
9546904,"MARTIN LUTHER KING JR WAY","ADDISON ST"
9546906,"CAMELIA ST","STANNAGE AVE"
9546907,"BREAKWATER DR","SPINNAKER WAY"
9546908,"UNIVERSITY AVE","SEVENTH ST"
9546910,"SHATTUCK AVE","ROSE ST"
9546911,"ALLSTON WAY","OXFORD ST"
9546920,"ORDWAY ST","GILMAN ST"
9546922,"WOOLSEY ST","DEAKIN ST"
9546924,"FOURTH ST","CEDAR ST"
9546926,"TELEGRAPH AVE","WARD ST"
9546929,"ACTON ST","DERBY ST"
9546931,"COLLEGE AVE","ASHBY AVE"
9546932,"DWIGHT WAY","GRANT ST"
9546935,"COLLEGE AVE","ALCATRAZ AVE"
9555026,"ASHBY AVE","DEAKIN ST"
9555086,"VIRGINIA ST","SAN PABLO AVE"
9557878,"UNIVERSITY AVE","MARTIN LUTHER KING JR WAY"
9558762,"GRIZZLY PEAK BLVD","FOREST LN"
9558856,"POTTER ST","SEVENTH ST"
9561675,"MILVIA ST","CARLETON ST"
9561679,"EIGHTH ST","GILMAN ST"
9561680,"GILMAN ST","FRONTAGE RD"
9561681,"SHATTUCK AVE","STUART ST"
9561682,"CHANNING WAY","COLLEGE AVE"
9561683,"CARLETON ST","MARTIN LUTHER KING JR WAY"
9561686,"OREGON ST","RUSSELL ST"
9561687,"UNIVERSITY AVE","MCGEE AVE"
9561714,"NINTH ST","UNIVERSITY AVE"
9561717,"OXFORD ST","VINE ST"
9568159,"SAN PABLO AVE","OREGON ST"
9568909,"SAN PABLO AVE","VIRGINIA ST"
9574168,"DANA ST","PARKER ST"
9574180,"FULTON ST","BANCROFT WAY"
9574208,"UNIVERSITY AVE","SAN PABLO AVE"
9574239,"ALLSTON WAY","SACRAMENTO ST"
9574241,"CHESTNUT ST","UNIVERSITY AVE"
9574243,"ADDISON ST","MARTIN LUTHER KING JR WAY"
9574244,"DWIGHT WAY","ELLSWORTH ST"
9574248,"MILVIA ST","DWIGHT WAY"
9574251,"UNIVERSITY AVE","ACTON ST"
9574252,"CEDAR ST","SACRAMENTO ST"
9574254,"ACTON ST","UNIVERSITY AVE"
9574257,"CHANNING WAY","ELLSWORTH ST"
9574260,"HEARST AVE","WALNUT ST"
9583886,"FRONTAGE","UNIVERSITY AVE"
9585030,"GILMAN ST","FIFTH ST"
9585204,"HEARST AVE","SACRAMENTO ST"
9585205,"SACRAMENTO ST","BANCROFT WAY"
9585206,"PIEDMONT AVE","BANCROFT WAY"
9585208,"WARRING ST","PARKER ST"
9585212,"HEARST AVE","GRANT ST"
9585215,"BANCROFT WAY","GRANT ST"
9585216,"DURANT AVE","TELEGRAPH AVE"
9585218,"HEARST AVE","SHATTUCK AVE"
9585221,"GILMAN ST","TENTH ST"
9585226,"CENTER ST","SHATTUCK AVE"
9585228,"SEAWALL DR","UNIVERSITY AVE"
9585374,"SHATTUCK AVE","DWIGHT WAY"
9585679,"MARTIN LUTHER KING JR WAY","ALLSTON WAY"
9585924,"ACTON ST","BLAKE ST"
9594779,"UNIVERSITY AVE","MILVIA ST"
9594782,"SACRAMENTO ST","STUART ST"
9594783,"HAWTHORNE TER","VINE ST"
9594788,"ALLSTON WAY","ROOSEVELT AVE"
9594790,"SHATTUCK AVE","CENTER ST"
9594792,"PROSPECT ST","CHANNING WAY"
9594796,"HEARST AVE","BONITA AVE"
9594800,"HILLEGASS AVE","DWIGHT WAY"
9594967,"UNIVERSITY AVE","CURTIS ST"
9596127,"SAN PABLO AVE","PARKER ST"
9599933,"BANCROFT WAY","FULTON ST"
9599950,"SAN PABLO AVE","BANCROFT WAY"
9599953,"UNIVERSITY AVE","BONITA AVE"
9599986,"UNIVERSITY AVE","WEST ST"
9599987,"MILVIA ST","PARKER ST"
9599989,"SHATTUCK AVE","CHANNING WAY"
9599992,"DWIGHT WAY","SEVENTH ST"
9599996,"MCGEE AVE","OREGON ST"
9599998,"VINE ST","OXFORD ST"
9601158,"SAN PABLO AVE","DELAWARE ST"
9601174,"ASHBY AVE","HILLEGASS AVE"
9613279,"SPRUCE ST","MICHIGAN AVE"
9613556,"SHATTUCK AVE","BANCROFT WAY"
9613557,"MARTIN LUTHER KING JR WAY","BLAKE ST"
9613558,"HEARST AVE","LE ROY AVE"
9615122,"ADDISON ST","WEST ST"
9615123,"ALCATRAZ AVE","BAKER ST"
9615126,"HEARST AVE","MARTIN LUTHER KING JR WAY"
9615127,"MARTIN LUTHER KING JR WAY","HASTE ST"
9615128,"MILVIA ST","BANCROFT WAY"
9615130,"SHASTA RD","PARK GATE"
9615131,"STANNAGE AVE","GILMAN ST"
9615140,"CLAREMONT AVE","WEBSTER ST"
9615152,"ADELINE ST","FAIRVIEW ST"
9615153,"SAN LUIS RD","AVIS RD"
9615155,"ALCATRAZ AVE","ELLIS ST"
9615158,"DWIGHT WAY","NINTH ST"
9615183,"BANCROFT WAY","BONAR ST"
9615239,"ACTON ST","CHANNING WAY"
9618104,"HASTE ST","COLLEGE AVE"
9629042,"CENTER ST","SHATTUCK AVE"
9629046,"HENRY ST","BERRYMAN ST"
9629048,"BONAR ST","ALLSTON WAY"
9629050,"ADELINE ST","OREGON ST"
9629224,"HOPKINS ST","JOSEPHINE ST"
9629228,"TANGLEWOOD RD","CLAREMONT AVE"
9629236,"ADELINE ST","OREGON ST"
9629362,"HEARST AVE","OXFORD ST"
9629364,"ACTON ST","BERKELEY SQ"
9629365,"UNIVERSITY AVE","GRANT ST"
9629368,"BLAKE ST","MARTIN LUTHER KING JR WAY"
9629369,"CHANNING WAY","SACRAMENTO ST"
9629370,"KITTREDGE ST","MILVIA ST"
9629371,"FOLGER AVE","EMERYVILLE GREENWAY"
9629374,"BANCROFT WAY","BANCROFT WAY"
9629376,"GRIZZLY PEAK BLVD","KEELER AVE"
9629435,"HEARST AVE","FOURTH ST"
9629501,"CALIFORNIA ST","UNIVERSITY AVE"
9629502,"MONTEREY AVE","COLUSA AVE"
9629505,"UNIVERSITY AVE","ACTON ST"
9629506,"UNIVERSITY AVE","UNIVERSITY AVE"
9629507,"CHESTNUT ST","FRANCISCO ST"
9629512,"COLUSA AVE","THOUSAND OAKS BLVD"
9629761,"MILVIA ST","HASTE ST"
9629762,"HASTE ST","ELLSWORTH ST"
9629765,"TELEGRAPH AVE","BANCROFT WAY"
9629769,"SAN PABLO AVE","67TH ST"
9629772,"FULTON ST","DURANT AVE"
9629777,"HENRY ST","ROSE ST"
9629781,"MARIN AVE","LOS ANGELES AVE"
9629789,"DURANT AVE","BOWDITCH ST"
9629810,"UNIVERSITY AVE","WEST ST"
9629811,"CEDAR ST","CALIFORNIA ST"
9629813,"CENTER ST","MILVIA ST"
9629816,"DWIGHT CRESCENT","TENTH ST"
9629817,"BLAKE ST","MARTIN LUTHER KING JR WAY"
9637371,"SAN PABLO AVE","DELAWARE ST"
9640429,"OXFORD ST","MARIN AVE"
9641156,"MILVIA ST","CHANNING WAY"
9641160,"BANCROFT WAY","DANA ST"
9641381,"DERBY ST","MABEL ST"
9641387,"HEARST AVE","WALNUT ST"
9641389,"MILVIA ST","STUART ST"
9641390,"ALCATRAZ AVE","ADELINE ST"
9641391,"FAIRVIEW ST","CALIFORNIA ST"
9641396,"TELEGRAPH AVE","PARKER ST"
9641399,"ROSE ST","SHATTUCK AVE"
9641400,"ASHBY AVE","KING ST"
9641403,"SAN PABLO AVE","ADDISON ST"
9641405,"TENTH ST","DELAWARE ST"
9641406,"DWIGHT WAY","TELEGRAPH AVE"
9641411,"TELEGRAPH AVE","PARKER ST"
9641412,"WARRING ST","PARKER ST"
9641417,"CEDAR ST","WEST ST"
9641418,"CEDAR ST","SHATTUCK AVE"
9641480,"SHATTUCK AVE","BERKELEY SQ"
9650822,"SPRUCE ST","LOS ANGELES AVE"
9650825,"ASHBY AVE","HILLEGASS AVE"
9650827,"UNIVERSITY AVE","SHATTUCK AVE"
9650829,"BLAKE ST","FULTON ST"
9650832,"COLLEGE AVE","PARKER ST"
9650833,"DANA ST","HASTE ST"
9650835,"EUCLID AVE","VIRGINIA ST"
9650836,"GILMAN ST","CURTIS ST"
9650838,"WALNUT ST","WALNUT ST"
9650844,"SHATTUCK AVE","WOOLSEY ST"
9650846,"ALCATRAZ AVE","ADELINE ST"
9650847,"TENTH ST","DELAWARE ST"
9650851,"TELEGRAPH AVE","PRINCE ST"
9650852,"TELEGRAPH AVE","DOWLING PL"
9650856,"HOPKINS ST","ALBINA AVE"
9650857,"UNIVERSITY AVE","GRANT ST"
9650858,"TUNNEL RD","VICENTE RD"
9650860,"MARIN AVE","HILLDALE AVE"
9650942,"MARTIN LUTHER KING JR WAY","CARLETON ST"
9651069,"UNIVERSITY AVE","SAN PABLO AVE"
9651295,"EUCLID AVE","POPLAR ST"
9652083,"BERKELEY WAY","MARTIN LUTHER KING JR WAY"
9652084,"UNIVERSITY AVE","SACRAMENTO ST"
9652089,"HOPKINS ST","SUTTER ST"
9652090,"THE ALAMEDA","LOS ANGELES AVE"
9652092,"CEDAR ST","SECOND ST"
9652098,"SECOND ST","PAGE ST"
9652099,"RIDGE RD","LE ROY AVE"
9652100,"SOLANO AVE","COLUSA AVE"
9652101,"HEARST AVE","LE CONTE AVE"
9652109,"CEDAR ST","BONITA AVE"
9652110,"DERBY ST","CLAREMONT AVE"
9652111,"UNIVERSITY AVE","MARTIN LUTHER KING JR WAY"
9652113,"ADDISON ST","FIFTH ST"
9652130,"HASTE ST","TELEGRAPH AVE"
9652831,"CALIFORNIA ST","HEARST AVE"
9652835,"VIRGINIA ST","NINTH ST"
9652848,"SHATTUCK AVE","BERKELEY SQ"
9656254,"GRAYSON ST","SEVENTH ST"
9656285,"TELEGRAPH AVE","ASHBY AVE"
9656313,"SAN PABLO AVE","DWIGHT WAY"
9661781,"SAN PABLO AVE","UNIVERSITY AVE"
9664801,"PIEDMONT AVE","DWIGHT WAY"
9664802,"MILVIA ST","BERKELEY SQ"
9664803,"SPRUCE ST","CEDAR ST"
9664806,"ASHBY AVE","SHATTUCK AVE"
9664807,"ROSE ST","EDITH ST"
9664829,"ADELINE ST","ALCATRAZ AVE"
9664830,"CHANNING WAY","DANA ST"
9664831,"ADELINE ST","ASHBY AVE"
9664833,"UNIVERSITY AVE","SACRAMENTO ST"
9664838,"COLLEGE AVE","ASHBY AVE"
9664840,"DELAWARE ST","ACTON ST"
9664842,"MONTEREY AVE","MARIN AVE"
9664843,"ADELINE ST","HARMON ST"
9664845,"ALCATRAZ AVE","ELLIS ST"
9665440,"TENTH ST","UNIVERSITY AVE"
9665452,"MARTIN LUTHER KING JR WAY","ADDISON ST"
9665464,"HEARST AVE","OXFORD ST"
9665480,"ADELINE ST","HARMON ST"
9665592,"UNIVERSITY AVE","MARTIN LUTHER KING JR WAY"
9665597,"BANCROFT WAY","TELEGRAPH AVE"
9665658,"SEVENTH ST","HEINZ AVE"
9665660,"DANA ST","CHANNING WAY"
9665662,"CHANNING WAY","SHATTUCK AVE"
9665665,"MURRAY ST",""
9665666,"NINTH ST","DWIGHT WAY"
9665668,"DWIGHT WAY","DANA ST"
9665670,"COLLEGE AVE","ALCATRAZ AVE"
9665671,"EUCLID AVE","EUNICE ST"
9665672,"UNIVERSITY AVE","MARTIN LUTHER KING JR WAY"
9665673,"COLLEGE AVE","ASHBY AVE"
9665674,"CEDAR ST","STANNAGE AVE"
9665676,"SACRAMENTO ST","HARMON ST"
9665679,"EUCLID AVE","RIDGE RD"
9665680,"HEINZ AVE","SEVENTH ST"
9676404,"PIEDMONT AVE","BANCROFT WAY"
9676414,"HILLCREST RD","CLAREMONT AVE"
9676415,"UNIVERSITY AVE","SHATTUCK AVE"
9676416,"CENTER ST","SHATTUCK AVE"
9676417,"GILMAN ST","FOURTH ST"
9676418,"OREGON ST","MCGEE AVE"
9676420,"OREGON ST","SHATTUCK AVE"
9676429,"BANCROFT WAY","TELEGRAPH AVE"
9679806,"CEDAR ST","SAN PABLO AVE"
9690353,"SHATTUCK AVE","DURANT AVE"
9690354,"SACRAMENTO ST","RUSSELL ST"
9690357,"HEARST AVE","LE ROY AVE"
9690366,"CHANNING WAY","COLLEGE AVE"
9690377,"TUNNEL RD","OAK RIDGE RD"
9690378,"CHANNING WAY",""
9690383,"SACRAMENTO ST","ADDISON ST"
9691663,"COLBY ST","ASHBY AVE"
9691671,"KING ST","ASHBY AVE"
9699882,"SEVENTH ST","PAGE ST"
9699883,"BANCROFT WAY","BANCROFT WAY"
9699888,"WALNUT ST","VIRGINIA ST"
9699889,"FRONTAGE RD","GILMAN ST"
9699890,"MARTIN LUTHER KING JR WAY","BANCROFT WAY"
9699917,"MARTIN LUTHER KING JR WAY","UNIVERSITY AVE"
9699918,"MILVIA ST","VIRGINIA ST"
9699919,"SAN LORENZO AVE","COLUSA AVE"
9700617,"OREGON ST","MARTIN LUTHER KING JR WAY"
9701130,"DELAWARE ST","SIXTH ST"
9702015,"ASHBY AVE","SAN PABLO AVE"
9702047,"SAN PABLO AVE","PAGE ST"
9702361,"ASHBY AVE","ACTON CIR"
9705561,"COLLEGE AVE","COLLEGE AVE"
9705564,"EUCLID AVE","CEDAR ST"
9705733,"WILDCAT CANYON RD","SUNSET LN"
9705736,"TENTH ST","CEDAR ST"
9705738,"HEARST AVE","CALIFORNIA ST"
9705739,"BOWDITCH ST","BANCROFT WAY"
9705740,"SHATTUCK AVE","CARLETON ST"
9705743,"GILMAN ST","TENTH ST"
9705744,"ROSE ST","SHATTUCK AVE"
9705747,"SIXTH ST","GILMAN ST"
9706458,"SAN PABLO AVE","DWIGHT WAY"
9707702,"SPRUCE ST","REGAL RD"
9707706,"GRANT ST","UNIVERSITY AVE"
9717435,"BERKELEY SQ","MARTIN LUTHER KING JR WAY"
9717499,"UNIVERSITY AVE","OXFORD ST"
9720179,"SAN PABLO AVE","CEDAR ST"
9731723,"BAKER ST","ALCATRAZ AVE"
9731725,"VINE ST","MARTIN LUTHER KING JR WAY"
9731731,"COLLEGE AVE","ALCATRAZ AVE"
9731732,"GRIZZLY PEAK BLVD","SUNSET LN"
9731738,"BANCROFT WAY","DANA ST"
9731741,"SONOMA AVE","JOSEPHINE ST"
9731742,"BENVENUE AVE","PARKER ST"
9731743,"SHASTA RD","TAMALPAIS RD"
9731750,"DANA ST","HASTE ST"
